Date,Source,Site ID,POC,Daily Mean PM2.5 Concentration,UNITS,DAILY_AQI_VALUE,Site Name,DAILY_OBS_COUNT,PERCENT_COMPLETE,AQS_PARAMETER_CODE,AQS_PARAMETER_DESC,CBSA_CODE,CBSA_NAME,STATE_CODE,STATE,COUNTY_CODE,COUNTY,SITE_LATITUDE,SITE_LONGITUDE
01-01-2016,AQS,60410001,3,11.2,ug/m3 LC,47,San Rafael,1,100,88101,PM2.5 - Local Conditions,41860,"San Francisco-Oakland-Hayward, CA",6,California,41,Marin,37.97231,-122.520004
01-02-2016,AQS,60410001,3,7.6,ug/m3 LC,32,San Rafael,1,100,88101,PM2.5 - Local Conditions,41860,"San Francisco-Oakland-Hayward, CA",6,California,41,Marin,37.97231,-122.520004
01-03-2016,AQS,60410001,3,14.8,ug/m3 LC,57,San Rafael,1,100,88101,PM2.5 - Local Conditions,41860,"San Francisco-Oakland-Hayward, CA",6,California,41,Marin,37.97231,-122.520004
01-04-2016,AQS,60410001,3,9.8,ug/m3 LC,41,San Rafael,1,100,88101,PM2.5 - Local Conditions,41860,"San Francisco-Oakland-Hayward, CA",6,California,41,Marin,37.97231,-122.520004
01-05-2016,AQS,60410001,3,4.5,ug/m3 LC,19,San Rafael,1,100,88101,PM2.5 - Local Conditions,41860,"San Francisco-Oakland-Hayward, CA",6,California,41,Marin,37.97231,-122.520004
01-06-2016,AQS,60410001,3,2.9,ug/m3 LC,12,San Rafael,1,100,88101,PM2.5 - Local Conditions,41860,"San Francisco-Oakland-Hayward, CA",6,California,41,Marin,37.97231,-122.520004
01-07-2016,AQS,60410001,3,7.6,ug/m3 LC,32,San Rafael,1,100,88101,PM2.5 - Local Conditions,41860,"San Francisco-Oakland-Hayward, CA",6,California,41,Marin,37.97231,-122.520004
01-08-2016,AQS,60410001,3,11.2,ug/m3 LC,47,San Rafael,1,100,88101,PM2.5 - Local Conditions,41860,"San Francisco-Oakland-Hayward, CA",6,California,41,Marin,37.97231,-122.520004
01-09-2016,AQS,60410001,3,11.5,ug/m3 LC,48,San Rafael,1,100,88101,PM2.5 - Local Conditions,41860,"San Francisco-Oakland-Hayward, CA",6,California,41,Marin,37.97231,-122.520004
01-10-2016,AQS,60410001,3,8.7,ug/m3 LC,36,San Rafael,1,100,88101,PM2.5 - Local Conditions,41860,"San Francisco-Oakland-Hayward, CA",6,California,41,Marin,37.97231,-122.520004
01-11-2016,AQS,60410001,3,14.3,ug/m3 LC,56,San Rafael,1,100,88101,PM2.5 - Local Conditions,41860,"San Francisco-Oakland-Hayward, CA",6,California,41,Marin,37.97231,-122.520004
01-12-2016,AQS,60410001,3,12.9,ug/m3 LC,53,San Rafael,1,100,88101,PM2.5 - Local Conditions,41860,"San Francisco-Oakland-Hayward, CA",6,California,41,Marin,37.97231,-122.520004
01/13/2016,AQS,60410001,3,8.6,ug/m3 LC,36,San Rafael,1,100,88101,PM2.5 - Local Conditions,41860,"San Francisco-Oakland-Hayward, CA",6,California,41,Marin,37.97231,-122.520004
01/14/2016,AQS,60410001,3,6.2,ug/m3 LC,26,San Rafael,1,100,88101,PM2.5 - Local Conditions,41860,"San Francisco-Oakland-Hayward, CA",6,California,41,Marin,37.97231,-122.520004
01/15/2016,AQS,60410001,3,7.4,ug/m3 LC,31,San Rafael,1,100,88101,PM2.5 - Local Conditions,41860,"San Francisco-Oakland-Hayward, CA",6,California,41,Marin,37.97231,-122.520004
01/16/2016,AQS,60410001,3,8,ug/m3 LC,33,San Rafael,1,100,88101,PM2.5 - Local Conditions,41860,"San Francisco-Oakland-Hayward, CA",6,California,41,Marin,37.97231,-122.520004
01/17/2016,AQS,60410001,3,4.4,ug/m3 LC,18,San Rafael,1,100,88101,PM2.5 - Local Conditions,41860,"San Francisco-Oakland-Hayward, CA",6,California,41,Marin,37.97231,-122.520004
01/18/2016,AQS,60410001,3,3.2,ug/m3 LC,13,San Rafael,1,100,88101,PM2.5 - Local Conditions,41860,"San Francisco-Oakland-Hayward, CA",6,California,41,Marin,37.97231,-122.520004
01/19/2016,AQS,60410001,3,6.9,ug/m3 LC,29,San Rafael,1,100,88101,PM2.5 - Local Conditions,41860,"San Francisco-Oakland-Hayward, CA",6,California,41,Marin,37.97231,-122.520004
01/20/2016,AQS,60410001,3,8.8,ug/m3 LC,37,San Rafael,1,100,88101,PM2.5 - Local Conditions,41860,"San Francisco-Oakland-Hayward, CA",6,California,41,Marin,37.97231,-122.520004
01/21/2016,AQS,60410001,3,9.8,ug/m3 LC,41,San Rafael,1,100,88101,PM2.5 - Local Conditions,41860,"San Francisco-Oakland-Hayward, CA",6,California,41,Marin,37.97231,-122.520004
01/22/2016,AQS,60410001,3,2.6,ug/m3 LC,11,San Rafael,1,100,88101,PM2.5 - Local Conditions,41860,"San Francisco-Oakland-Hayward, CA",6,California,41,Marin,37.97231,-122.520004
01/23/2016,AQS,60410001,3,8.7,ug/m3 LC,36,San Rafael,1,100,88101,PM2.5 - Local Conditions,41860,"San Francisco-Oakland-Hayward, CA",6,California,41,Marin,37.97231,-122.520004
01/24/2016,AQS,60410001,3,7.4,ug/m3 LC,31,San Rafael,1,100,88101,PM2.5 - Local Conditions,41860,"San Francisco-Oakland-Hayward, CA",6,California,41,Marin,37.97231,-122.520004
01/25/2016,AQS,60410001,3,8.8,ug/m3 LC,37,San Rafael,1,100,88101,PM2.5 - Local Conditions,41860,"San Francisco-Oakland-Hayward, CA",6,California,41,Marin,37.97231,-122.520004
01/26/2016,AQS,60410001,3,8.4,ug/m3 LC,35,San Rafael,1,100,88101,PM2.5 - Local Conditions,41860,"San Francisco-Oakland-Hayward, CA",6,California,41,Marin,37.97231,-122.520004
01/27/2016,AQS,60410001,3,10.5,ug/m3 LC,44,San Rafael,1,100,88101,PM2.5 - Local Conditions,41860,"San Francisco-Oakland-Hayward, CA",6,California,41,Marin,37.97231,-122.520004
01/28/2016,AQS,60410001,3,11.2,ug/m3 LC,47,San Rafael,1,100,88101,PM2.5 - Local Conditions,41860,"San Francisco-Oakland-Hayward, CA",6,California,41,Marin,37.97231,-122.520004
01/29/2016,AQS,60410001,3,5.8,ug/m3 LC,24,San Rafael,1,100,88101,PM2.5 - Local Conditions,41860,"San Francisco-Oakland-Hayward, CA",6,California,41,Marin,37.97231,-122.520004
01/30/2016,AQS,60410001,3,8.4,ug/m3 LC,35,San Rafael,1,100,88101,PM2.5 - Local Conditions,41860,"San Francisco-Oakland-Hayward, CA",6,California,41,Marin,37.97231,-122.520004
01/31/2016,AQS,60410001,3,5.6,ug/m3 LC,23,San Rafael,1,100,88101,PM2.5 - Local Conditions,41860,"San Francisco-Oakland-Hayward, CA",6,California,41,Marin,37.97231,-122.520004
02-01-2016,AQS,60410001,3,6.1,ug/m3 LC,25,San Rafael,1,100,88101,PM2.5 - Local Conditions,41860,"San Francisco-Oakland-Hayward, CA",6,California,41,Marin,37.97231,-122.520004
02-02-2016,AQS,60410001,3,6.8,ug/m3 LC,28,San Rafael,1,100,88101,PM2.5 - Local Conditions,41860,"San Francisco-Oakland-Hayward, CA",6,California,41,Marin,37.97231,-122.520004
02-03-2016,AQS,60410001,3,11.4,ug/m3 LC,48,San Rafael,1,100,88101,PM2.5 - Local Conditions,41860,"San Francisco-Oakland-Hayward, CA",6,California,41,Marin,37.97231,-122.520004
02-04-2016,AQS,60410001,3,12.2,ug/m3 LC,51,San Rafael,1,100,88101,PM2.5 - Local Conditions,41860,"San Francisco-Oakland-Hayward, CA",6,California,41,Marin,37.97231,-122.520004
02-05-2016,AQS,60410001,3,9.8,ug/m3 LC,41,San Rafael,1,100,88101,PM2.5 - Local Conditions,41860,"San Francisco-Oakland-Hayward, CA",6,California,41,Marin,37.97231,-122.520004
02-06-2016,AQS,60410001,3,8.6,ug/m3 LC,36,San Rafael,1,100,88101,PM2.5 - Local Conditions,41860,"San Francisco-Oakland-Hayward, CA",6,California,41,Marin,37.97231,-122.520004
02-07-2016,AQS,60410001,3,8.8,ug/m3 LC,37,San Rafael,1,100,88101,PM2.5 - Local Conditions,41860,"San Francisco-Oakland-Hayward, CA",6,California,41,Marin,37.97231,-122.520004
02-08-2016,AQS,60410001,3,10.4,ug/m3 LC,43,San Rafael,1,100,88101,PM2.5 - Local Conditions,41860,"San Francisco-Oakland-Hayward, CA",6,California,41,Marin,37.97231,-122.520004
02-09-2016,AQS,60410001,3,14.8,ug/m3 LC,57,San Rafael,1,100,88101,PM2.5 - Local Conditions,41860,"San Francisco-Oakland-Hayward, CA",6,California,41,Marin,37.97231,-122.520004
02-10-2016,AQS,60410001,3,11.6,ug/m3 LC,48,San Rafael,1,100,88101,PM2.5 - Local Conditions,41860,"San Francisco-Oakland-Hayward, CA",6,California,41,Marin,37.97231,-122.520004
02-11-2016,AQS,60410001,3,15,ug/m3 LC,57,San Rafael,1,100,88101,PM2.5 - Local Conditions,41860,"San Francisco-Oakland-Hayward, CA",6,California,41,Marin,37.97231,-122.520004
02-12-2016,AQS,60410001,3,8.1,ug/m3 LC,34,San Rafael,1,100,88101,PM2.5 - Local Conditions,41860,"San Francisco-Oakland-Hayward, CA",6,California,41,Marin,37.97231,-122.520004
02/13/2016,AQS,60410001,3,6.6,ug/m3 LC,28,San Rafael,1,100,88101,PM2.5 - Local Conditions,41860,"San Francisco-Oakland-Hayward, CA",6,California,41,Marin,37.97231,-122.520004
02/14/2016,AQS,60410001,3,8.1,ug/m3 LC,34,San Rafael,1,100,88101,PM2.5 - Local Conditions,41860,"San Francisco-Oakland-Hayward, CA",6,California,41,Marin,37.97231,-122.520004
02/15/2016,AQS,60410001,3,5,ug/m3 LC,21,San Rafael,1,100,88101,PM2.5 - Local Conditions,41860,"San Francisco-Oakland-Hayward, CA",6,California,41,Marin,37.97231,-122.520004
02/16/2016,AQS,60410001,3,12.1,ug/m3 LC,51,San Rafael,1,100,88101,PM2.5 - Local Conditions,41860,"San Francisco-Oakland-Hayward, CA",6,California,41,Marin,37.97231,-122.520004
02/17/2016,AQS,60410001,3,6,ug/m3 LC,25,San Rafael,1,100,88101,PM2.5 - Local Conditions,41860,"San Francisco-Oakland-Hayward, CA",6,California,41,Marin,37.97231,-122.520004
02/18/2016,AQS,60410001,3,6.9,ug/m3 LC,29,San Rafael,1,100,88101,PM2.5 - Local Conditions,41860,"San Francisco-Oakland-Hayward, CA",6,California,41,Marin,37.97231,-122.520004
02/19/2016,AQS,60410001,3,8.9,ug/m3 LC,37,San Rafael,1,100,88101,PM2.5 - Local Conditions,41860,"San Francisco-Oakland-Hayward, CA",6,California,41,Marin,37.97231,-122.520004
02/20/2016,AQS,60410001,3,5.5,ug/m3 LC,23,San Rafael,1,100,88101,PM2.5 - Local Conditions,41860,"San Francisco-Oakland-Hayward, CA",6,California,41,Marin,37.97231,-122.520004
02/21/2016,AQS,60410001,3,6.2,ug/m3 LC,26,San Rafael,1,100,88101,PM2.5 - Local Conditions,41860,"San Francisco-Oakland-Hayward, CA",6,California,41,Marin,37.97231,-122.520004
02/22/2016,AQS,60410001,3,5.5,ug/m3 LC,23,San Rafael,1,100,88101,PM2.5 - Local Conditions,41860,"San Francisco-Oakland-Hayward, CA",6,California,41,Marin,37.97231,-122.520004
02/23/2016,AQS,60410001,3,5.5,ug/m3 LC,23,San Rafael,1,100,88101,PM2.5 - Local Conditions,41860,"San Francisco-Oakland-Hayward, CA",6,California,41,Marin,37.97231,-122.520004
02/24/2016,AQS,60410001,3,11.7,ug/m3 LC,49,San Rafael,1,100,88101,PM2.5 - Local Conditions,41860,"San Francisco-Oakland-Hayward, CA",6,California,41,Marin,37.97231,-122.520004
02/25/2016,AQS,60410001,3,12.4,ug/m3 LC,52,San Rafael,1,100,88101,PM2.5 - Local Conditions,41860,"San Francisco-Oakland-Hayward, CA",6,California,41,Marin,37.97231,-122.520004
02/26/2016,AQS,60410001,3,8,ug/m3 LC,33,San Rafael,1,100,88101,PM2.5 - Local Conditions,41860,"San Francisco-Oakland-Hayward, CA",6,California,41,Marin,37.97231,-122.520004
02/27/2016,AQS,60410001,3,4,ug/m3 LC,17,San Rafael,1,100,88101,PM2.5 - Local Conditions,41860,"San Francisco-Oakland-Hayward, CA",6,California,41,Marin,37.97231,-122.520004
02/28/2016,AQS,60410001,3,3.5,ug/m3 LC,15,San Rafael,1,100,88101,PM2.5 - Local Conditions,41860,"San Francisco-Oakland-Hayward, CA",6,California,41,Marin,37.97231,-122.520004
02/29/2016,AQS,60410001,3,3.4,ug/m3 LC,14,San Rafael,1,100,88101,PM2.5 - Local Conditions,41860,"San Francisco-Oakland-Hayward, CA",6,California,41,Marin,37.97231,-122.520004
03-01-2016,AQS,60410001,3,2.8,ug/m3 LC,12,San Rafael,1,100,88101,PM2.5 - Local Conditions,41860,"San Francisco-Oakland-Hayward, CA",6,California,41,Marin,37.97231,-122.520004
03-02-2016,AQS,60410001,3,2.7,ug/m3 LC,11,San Rafael,1,100,88101,PM2.5 - Local Conditions,41860,"San Francisco-Oakland-Hayward, CA",6,California,41,Marin,37.97231,-122.520004
03-03-2016,AQS,60410001,3,0.7,ug/m3 LC,3,San Rafael,1,100,88101,PM2.5 - Local Conditions,41860,"San Francisco-Oakland-Hayward, CA",6,California,41,Marin,37.97231,-122.520004
03-04-2016,AQS,60410001,3,-0.1,ug/m3 LC,0,San Rafael,1,100,88101,PM2.5 - Local Conditions,41860,"San Francisco-Oakland-Hayward, CA",6,California,41,Marin,37.97231,-122.520004
03-05-2016,AQS,60410001,3,-1.1,ug/m3 LC,0,San Rafael,1,100,88101,PM2.5 - Local Conditions,41860,"San Francisco-Oakland-Hayward, CA",6,California,41,Marin,37.97231,-122.520004
03-06-2016,AQS,60410001,3,2.4,ug/m3 LC,10,San Rafael,1,100,88101,PM2.5 - Local Conditions,41860,"San Francisco-Oakland-Hayward, CA",6,California,41,Marin,37.97231,-122.520004
03-07-2016,AQS,60410001,3,3,ug/m3 LC,13,San Rafael,1,100,88101,PM2.5 - Local Conditions,41860,"San Francisco-Oakland-Hayward, CA",6,California,41,Marin,37.97231,-122.520004
03-08-2016,AQS,60410001,3,5.6,ug/m3 LC,23,San Rafael,1,100,88101,PM2.5 - Local Conditions,41860,"San Francisco-Oakland-Hayward, CA",6,California,41,Marin,37.97231,-122.520004
03-09-2016,AQS,60410001,3,4.8,ug/m3 LC,20,San Rafael,1,100,88101,PM2.5 - Local Conditions,41860,"San Francisco-Oakland-Hayward, CA",6,California,41,Marin,37.97231,-122.520004
03-10-2016,AQS,60410001,3,2,ug/m3 LC,8,San Rafael,1,100,88101,PM2.5 - Local Conditions,41860,"San Francisco-Oakland-Hayward, CA",6,California,41,Marin,37.97231,-122.520004
03-11-2016,AQS,60410001,3,2.9,ug/m3 LC,12,San Rafael,1,100,88101,PM2.5 - Local Conditions,41860,"San Francisco-Oakland-Hayward, CA",6,California,41,Marin,37.97231,-122.520004
03-12-2016,AQS,60410001,3,4.3,ug/m3 LC,18,San Rafael,1,100,88101,PM2.5 - Local Conditions,41860,"San Francisco-Oakland-Hayward, CA",6,California,41,Marin,37.97231,-122.520004
03/13/2016,AQS,60410001,3,5.3,ug/m3 LC,22,San Rafael,1,100,88101,PM2.5 - Local Conditions,41860,"San Francisco-Oakland-Hayward, CA",6,California,41,Marin,37.97231,-122.520004
03/14/2016,AQS,60410001,3,6.4,ug/m3 LC,27,San Rafael,1,100,88101,PM2.5 - Local Conditions,41860,"San Francisco-Oakland-Hayward, CA",6,California,41,Marin,37.97231,-122.520004
03/15/2016,AQS,60410001,3,6.7,ug/m3 LC,28,San Rafael,1,100,88101,PM2.5 - Local Conditions,41860,"San Francisco-Oakland-Hayward, CA",6,California,41,Marin,37.97231,-122.520004
03/16/2016,AQS,60410001,3,5,ug/m3 LC,21,San Rafael,1,100,88101,PM2.5 - Local Conditions,41860,"San Francisco-Oakland-Hayward, CA",6,California,41,Marin,37.97231,-122.520004
03/17/2016,AQS,60410001,3,3.6,ug/m3 LC,15,San Rafael,1,100,88101,PM2.5 - Local Conditions,41860,"San Francisco-Oakland-Hayward, CA",6,California,41,Marin,37.97231,-122.520004
03/18/2016,AQS,60410001,3,2.8,ug/m3 LC,12,San Rafael,1,100,88101,PM2.5 - Local Conditions,41860,"San Francisco-Oakland-Hayward, CA",6,California,41,Marin,37.97231,-122.520004
03/19/2016,AQS,60410001,3,1.3,ug/m3 LC,5,San Rafael,1,100,88101,PM2.5 - Local Conditions,41860,"San Francisco-Oakland-Hayward, CA",6,California,41,Marin,37.97231,-122.520004
03/20/2016,AQS,60410001,3,0.7,ug/m3 LC,3,San Rafael,1,100,88101,PM2.5 - Local Conditions,41860,"San Francisco-Oakland-Hayward, CA",6,California,41,Marin,37.97231,-122.520004
03/21/2016,AQS,60410001,3,6.2,ug/m3 LC,26,San Rafael,1,100,88101,PM2.5 - Local Conditions,41860,"San Francisco-Oakland-Hayward, CA",6,California,41,Marin,37.97231,-122.520004
03/22/2016,AQS,60410001,3,4.5,ug/m3 LC,19,San Rafael,1,100,88101,PM2.5 - Local Conditions,41860,"San Francisco-Oakland-Hayward, CA",6,California,41,Marin,37.97231,-122.520004
03/23/2016,AQS,60410001,3,4.1,ug/m3 LC,17,San Rafael,1,100,88101,PM2.5 - Local Conditions,41860,"San Francisco-Oakland-Hayward, CA",6,California,41,Marin,37.97231,-122.520004
03/24/2016,AQS,60410001,3,5.4,ug/m3 LC,23,San Rafael,1,100,88101,PM2.5 - Local Conditions,41860,"San Francisco-Oakland-Hayward, CA",6,California,41,Marin,37.97231,-122.520004
03/25/2016,AQS,60410001,3,8.3,ug/m3 LC,35,San Rafael,1,100,88101,PM2.5 - Local Conditions,41860,"San Francisco-Oakland-Hayward, CA",6,California,41,Marin,37.97231,-122.520004
03/26/2016,AQS,60410001,3,5,ug/m3 LC,21,San Rafael,1,100,88101,PM2.5 - Local Conditions,41860,"San Francisco-Oakland-Hayward, CA",6,California,41,Marin,37.97231,-122.520004
03/27/2016,AQS,60410001,3,4.1,ug/m3 LC,17,San Rafael,1,100,88101,PM2.5 - Local Conditions,41860,"San Francisco-Oakland-Hayward, CA",6,California,41,Marin,37.97231,-122.520004
03/28/2016,AQS,60410001,3,5.5,ug/m3 LC,23,San Rafael,1,100,88101,PM2.5 - Local Conditions,41860,"San Francisco-Oakland-Hayward, CA",6,California,41,Marin,37.97231,-122.520004
03/29/2016,AQS,60410001,3,3.6,ug/m3 LC,15,San Rafael,1,100,88101,PM2.5 - Local Conditions,41860,"San Francisco-Oakland-Hayward, CA",6,California,41,Marin,37.97231,-122.520004
03/30/2016,AQS,60410001,3,6,ug/m3 LC,25,San Rafael,1,100,88101,PM2.5 - Local Conditions,41860,"San Francisco-Oakland-Hayward, CA",6,California,41,Marin,37.97231,-122.520004
03/31/2016,AQS,60410001,3,6.2,ug/m3 LC,26,San Rafael,1,100,88101,PM2.5 - Local Conditions,41860,"San Francisco-Oakland-Hayward, CA",6,California,41,Marin,37.97231,-122.520004
04-01-2016,AQS,60410001,3,5.9,ug/m3 LC,25,San Rafael,1,100,88101,PM2.5 - Local Conditions,41860,"San Francisco-Oakland-Hayward, CA",6,California,41,Marin,37.97231,-122.520004
04-02-2016,AQS,60410001,3,6.5,ug/m3 LC,27,San Rafael,1,100,88101,PM2.5 - Local Conditions,41860,"San Francisco-Oakland-Hayward, CA",6,California,41,Marin,37.97231,-122.520004
04-03-2016,AQS,60410001,3,3.6,ug/m3 LC,15,San Rafael,1,100,88101,PM2.5 - Local Conditions,41860,"San Francisco-Oakland-Hayward, CA",6,California,41,Marin,37.97231,-122.520004
04-04-2016,AQS,60410001,3,5,ug/m3 LC,21,San Rafael,1,100,88101,PM2.5 - Local Conditions,41860,"San Francisco-Oakland-Hayward, CA",6,California,41,Marin,37.97231,-122.520004
04-05-2016,AQS,60410001,3,6.5,ug/m3 LC,27,San Rafael,1,100,88101,PM2.5 - Local Conditions,41860,"San Francisco-Oakland-Hayward, CA",6,California,41,Marin,37.97231,-122.520004
04-06-2016,AQS,60410001,3,5.8,ug/m3 LC,24,San Rafael,1,100,88101,PM2.5 - Local Conditions,41860,"San Francisco-Oakland-Hayward, CA",6,California,41,Marin,37.97231,-122.520004
04-07-2016,AQS,60410001,3,7.8,ug/m3 LC,33,San Rafael,1,100,88101,PM2.5 - Local Conditions,41860,"San Francisco-Oakland-Hayward, CA",6,California,41,Marin,37.97231,-122.520004
04/13/2016,AQS,60410001,3,8.1,ug/m3 LC,34,San Rafael,1,100,88101,PM2.5 - Local Conditions,41860,"San Francisco-Oakland-Hayward, CA",6,California,41,Marin,37.97231,-122.520004
04/14/2016,AQS,60410001,3,6.6,ug/m3 LC,28,San Rafael,1,100,88101,PM2.5 - Local Conditions,41860,"San Francisco-Oakland-Hayward, CA",6,California,41,Marin,37.97231,-122.520004
04/15/2016,AQS,60410001,3,5.8,ug/m3 LC,24,San Rafael,1,100,88101,PM2.5 - Local Conditions,41860,"San Francisco-Oakland-Hayward, CA",6,California,41,Marin,37.97231,-122.520004
04/16/2016,AQS,60410001,3,2.5,ug/m3 LC,10,San Rafael,1,100,88101,PM2.5 - Local Conditions,41860,"San Francisco-Oakland-Hayward, CA",6,California,41,Marin,37.97231,-122.520004
04/17/2016,AQS,60410001,3,4.1,ug/m3 LC,17,San Rafael,1,100,88101,PM2.5 - Local Conditions,41860,"San Francisco-Oakland-Hayward, CA",6,California,41,Marin,37.97231,-122.520004
04/18/2016,AQS,60410001,3,6.1,ug/m3 LC,25,San Rafael,1,100,88101,PM2.5 - Local Conditions,41860,"San Francisco-Oakland-Hayward, CA",6,California,41,Marin,37.97231,-122.520004
04/19/2016,AQS,60410001,3,3.7,ug/m3 LC,15,San Rafael,1,100,88101,PM2.5 - Local Conditions,41860,"San Francisco-Oakland-Hayward, CA",6,California,41,Marin,37.97231,-122.520004
04/20/2016,AQS,60410001,3,4.7,ug/m3 LC,20,San Rafael,1,100,88101,PM2.5 - Local Conditions,41860,"San Francisco-Oakland-Hayward, CA",6,California,41,Marin,37.97231,-122.520004
04/21/2016,AQS,60410001,3,1.2,ug/m3 LC,5,San Rafael,1,100,88101,PM2.5 - Local Conditions,41860,"San Francisco-Oakland-Hayward, CA",6,California,41,Marin,37.97231,-122.520004
04/22/2016,AQS,60410001,3,3,ug/m3 LC,13,San Rafael,1,100,88101,PM2.5 - Local Conditions,41860,"San Francisco-Oakland-Hayward, CA",6,California,41,Marin,37.97231,-122.520004
04/23/2016,AQS,60410001,3,2.7,ug/m3 LC,11,San Rafael,1,100,88101,PM2.5 - Local Conditions,41860,"San Francisco-Oakland-Hayward, CA",6,California,41,Marin,37.97231,-122.520004
04/24/2016,AQS,60410001,3,5.8,ug/m3 LC,24,San Rafael,1,100,88101,PM2.5 - Local Conditions,41860,"San Francisco-Oakland-Hayward, CA",6,California,41,Marin,37.97231,-122.520004
04/25/2016,AQS,60410001,3,7.4,ug/m3 LC,31,San Rafael,1,100,88101,PM2.5 - Local Conditions,41860,"San Francisco-Oakland-Hayward, CA",6,California,41,Marin,37.97231,-122.520004
04/26/2016,AQS,60410001,3,7.6,ug/m3 LC,32,San Rafael,1,100,88101,PM2.5 - Local Conditions,41860,"San Francisco-Oakland-Hayward, CA",6,California,41,Marin,37.97231,-122.520004
04/27/2016,AQS,60410001,3,5.9,ug/m3 LC,25,San Rafael,1,100,88101,PM2.5 - Local Conditions,41860,"San Francisco-Oakland-Hayward, CA",6,California,41,Marin,37.97231,-122.520004
04/28/2016,AQS,60410001,3,6.8,ug/m3 LC,28,San Rafael,1,100,88101,PM2.5 - Local Conditions,41860,"San Francisco-Oakland-Hayward, CA",6,California,41,Marin,37.97231,-122.520004
04/29/2016,AQS,60410001,3,8.2,ug/m3 LC,34,San Rafael,1,100,88101,PM2.5 - Local Conditions,41860,"San Francisco-Oakland-Hayward, CA",6,California,41,Marin,37.97231,-122.520004
04/30/2016,AQS,60410001,3,3.3,ug/m3 LC,14,San Rafael,1,100,88101,PM2.5 - Local Conditions,41860,"San Francisco-Oakland-Hayward, CA",6,California,41,Marin,37.97231,-122.520004
05-01-2016,AQS,60410001,3,4.6,ug/m3 LC,19,San Rafael,1,100,88101,PM2.5 - Local Conditions,41860,"San Francisco-Oakland-Hayward, CA",6,California,41,Marin,37.97231,-122.520004
05-02-2016,AQS,60410001,3,5.2,ug/m3 LC,22,San Rafael,1,100,88101,PM2.5 - Local Conditions,41860,"San Francisco-Oakland-Hayward, CA",6,California,41,Marin,37.97231,-122.520004
05-03-2016,AQS,60410001,3,4.9,ug/m3 LC,20,San Rafael,1,100,88101,PM2.5 - Local Conditions,41860,"San Francisco-Oakland-Hayward, CA",6,California,41,Marin,37.97231,-122.520004
05-04-2016,AQS,60410001,3,5.7,ug/m3 LC,24,San Rafael,1,100,88101,PM2.5 - Local Conditions,41860,"San Francisco-Oakland-Hayward, CA",6,California,41,Marin,37.97231,-122.520004
05-05-2016,AQS,60410001,3,3.7,ug/m3 LC,15,San Rafael,1,100,88101,PM2.5 - Local Conditions,41860,"San Francisco-Oakland-Hayward, CA",6,California,41,Marin,37.97231,-122.520004
05-06-2016,AQS,60410001,3,3,ug/m3 LC,13,San Rafael,1,100,88101,PM2.5 - Local Conditions,41860,"San Francisco-Oakland-Hayward, CA",6,California,41,Marin,37.97231,-122.520004
05-07-2016,AQS,60410001,3,1.3,ug/m3 LC,5,San Rafael,1,100,88101,PM2.5 - Local Conditions,41860,"San Francisco-Oakland-Hayward, CA",6,California,41,Marin,37.97231,-122.520004
05-08-2016,AQS,60410001,3,3.4,ug/m3 LC,14,San Rafael,1,100,88101,PM2.5 - Local Conditions,41860,"San Francisco-Oakland-Hayward, CA",6,California,41,Marin,37.97231,-122.520004
05-09-2016,AQS,60410001,3,5.3,ug/m3 LC,22,San Rafael,1,100,88101,PM2.5 - Local Conditions,41860,"San Francisco-Oakland-Hayward, CA",6,California,41,Marin,37.97231,-122.520004
05-10-2016,AQS,60410001,3,6.8,ug/m3 LC,28,San Rafael,1,100,88101,PM2.5 - Local Conditions,41860,"San Francisco-Oakland-Hayward, CA",6,California,41,Marin,37.97231,-122.520004
05-11-2016,AQS,60410001,3,7.4,ug/m3 LC,31,San Rafael,1,100,88101,PM2.5 - Local Conditions,41860,"San Francisco-Oakland-Hayward, CA",6,California,41,Marin,37.97231,-122.520004
05-12-2016,AQS,60410001,3,7,ug/m3 LC,29,San Rafael,1,100,88101,PM2.5 - Local Conditions,41860,"San Francisco-Oakland-Hayward, CA",6,California,41,Marin,37.97231,-122.520004
05/13/2016,AQS,60410001,3,6.2,ug/m3 LC,26,San Rafael,1,100,88101,PM2.5 - Local Conditions,41860,"San Francisco-Oakland-Hayward, CA",6,California,41,Marin,37.97231,-122.520004
05/14/2016,AQS,60410001,3,4.1,ug/m3 LC,17,San Rafael,1,100,88101,PM2.5 - Local Conditions,41860,"San Francisco-Oakland-Hayward, CA",6,California,41,Marin,37.97231,-122.520004
05/15/2016,AQS,60410001,3,0.9,ug/m3 LC,4,San Rafael,1,100,88101,PM2.5 - Local Conditions,41860,"San Francisco-Oakland-Hayward, CA",6,California,41,Marin,37.97231,-122.520004
05/16/2016,AQS,60410001,3,5.4,ug/m3 LC,23,San Rafael,1,100,88101,PM2.5 - Local Conditions,41860,"San Francisco-Oakland-Hayward, CA",6,California,41,Marin,37.97231,-122.520004
05/17/2016,AQS,60410001,3,6.8,ug/m3 LC,28,San Rafael,1,100,88101,PM2.5 - Local Conditions,41860,"San Francisco-Oakland-Hayward, CA",6,California,41,Marin,37.97231,-122.520004
05/18/2016,AQS,60410001,3,12.3,ug/m3 LC,51,San Rafael,1,100,88101,PM2.5 - Local Conditions,41860,"San Francisco-Oakland-Hayward, CA",6,California,41,Marin,37.97231,-122.520004
05/19/2016,AQS,60410001,3,8.2,ug/m3 LC,34,San Rafael,1,100,88101,PM2.5 - Local Conditions,41860,"San Francisco-Oakland-Hayward, CA",6,California,41,Marin,37.97231,-122.520004
05/20/2016,AQS,60410001,3,4.3,ug/m3 LC,18,San Rafael,1,100,88101,PM2.5 - Local Conditions,41860,"San Francisco-Oakland-Hayward, CA",6,California,41,Marin,37.97231,-122.520004
05/21/2016,AQS,60410001,3,5.9,ug/m3 LC,25,San Rafael,1,100,88101,PM2.5 - Local Conditions,41860,"San Francisco-Oakland-Hayward, CA",6,California,41,Marin,37.97231,-122.520004
05/22/2016,AQS,60410001,3,4.2,ug/m3 LC,18,San Rafael,1,100,88101,PM2.5 - Local Conditions,41860,"San Francisco-Oakland-Hayward, CA",6,California,41,Marin,37.97231,-122.520004
05/23/2016,AQS,60410001,3,3.3,ug/m3 LC,14,San Rafael,1,100,88101,PM2.5 - Local Conditions,41860,"San Francisco-Oakland-Hayward, CA",6,California,41,Marin,37.97231,-122.520004
05/24/2016,AQS,60410001,3,3,ug/m3 LC,13,San Rafael,1,100,88101,PM2.5 - Local Conditions,41860,"San Francisco-Oakland-Hayward, CA",6,California,41,Marin,37.97231,-122.520004
05/25/2016,AQS,60410001,3,5,ug/m3 LC,21,San Rafael,1,100,88101,PM2.5 - Local Conditions,41860,"San Francisco-Oakland-Hayward, CA",6,California,41,Marin,37.97231,-122.520004
05/26/2016,AQS,60410001,3,8.7,ug/m3 LC,36,San Rafael,1,100,88101,PM2.5 - Local Conditions,41860,"San Francisco-Oakland-Hayward, CA",6,California,41,Marin,37.97231,-122.520004
05/27/2016,AQS,60410001,3,13.9,ug/m3 LC,55,San Rafael,1,100,88101,PM2.5 - Local Conditions,41860,"San Francisco-Oakland-Hayward, CA",6,California,41,Marin,37.97231,-122.520004
05/28/2016,AQS,60410001,3,11.5,ug/m3 LC,48,San Rafael,1,100,88101,PM2.5 - Local Conditions,41860,"San Francisco-Oakland-Hayward, CA",6,California,41,Marin,37.97231,-122.520004
05/29/2016,AQS,60410001,3,10.9,ug/m3 LC,45,San Rafael,1,100,88101,PM2.5 - Local Conditions,41860,"San Francisco-Oakland-Hayward, CA",6,California,41,Marin,37.97231,-122.520004
05/30/2016,AQS,60410001,3,8.5,ug/m3 LC,35,San Rafael,1,100,88101,PM2.5 - Local Conditions,41860,"San Francisco-Oakland-Hayward, CA",6,California,41,Marin,37.97231,-122.520004
05/31/2016,AQS,60410001,3,6,ug/m3 LC,25,San Rafael,1,100,88101,PM2.5 - Local Conditions,41860,"San Francisco-Oakland-Hayward, CA",6,California,41,Marin,37.97231,-122.520004
06-01-2016,AQS,60410001,3,7,ug/m3 LC,29,San Rafael,1,100,88101,PM2.5 - Local Conditions,41860,"San Francisco-Oakland-Hayward, CA",6,California,41,Marin,37.97231,-122.520004
06-02-2016,AQS,60410001,3,6,ug/m3 LC,25,San Rafael,1,100,88101,PM2.5 - Local Conditions,41860,"San Francisco-Oakland-Hayward, CA",6,California,41,Marin,37.97231,-122.520004
06-03-2016,AQS,60410001,3,6.4,ug/m3 LC,27,San Rafael,1,100,88101,PM2.5 - Local Conditions,41860,"San Francisco-Oakland-Hayward, CA",6,California,41,Marin,37.97231,-122.520004
06-04-2016,AQS,60410001,3,3.8,ug/m3 LC,16,San Rafael,1,100,88101,PM2.5 - Local Conditions,41860,"San Francisco-Oakland-Hayward, CA",6,California,41,Marin,37.97231,-122.520004
06-05-2016,AQS,60410001,3,1.6,ug/m3 LC,7,San Rafael,1,100,88101,PM2.5 - Local Conditions,41860,"San Francisco-Oakland-Hayward, CA",6,California,41,Marin,37.97231,-122.520004
06-06-2016,AQS,60410001,3,0.8,ug/m3 LC,3,San Rafael,1,100,88101,PM2.5 - Local Conditions,41860,"San Francisco-Oakland-Hayward, CA",6,California,41,Marin,37.97231,-122.520004
06-07-2016,AQS,60410001,3,1.9,ug/m3 LC,8,San Rafael,1,100,88101,PM2.5 - Local Conditions,41860,"San Francisco-Oakland-Hayward, CA",6,California,41,Marin,37.97231,-122.520004
06-08-2016,AQS,60410001,3,6,ug/m3 LC,25,San Rafael,1,100,88101,PM2.5 - Local Conditions,41860,"San Francisco-Oakland-Hayward, CA",6,California,41,Marin,37.97231,-122.520004
06-09-2016,AQS,60410001,3,3.9,ug/m3 LC,16,San Rafael,1,100,88101,PM2.5 - Local Conditions,41860,"San Francisco-Oakland-Hayward, CA",6,California,41,Marin,37.97231,-122.520004
06-10-2016,AQS,60410001,3,6.9,ug/m3 LC,29,San Rafael,1,100,88101,PM2.5 - Local Conditions,41860,"San Francisco-Oakland-Hayward, CA",6,California,41,Marin,37.97231,-122.520004
06-11-2016,AQS,60410001,3,11.8,ug/m3 LC,49,San Rafael,1,100,88101,PM2.5 - Local Conditions,41860,"San Francisco-Oakland-Hayward, CA",6,California,41,Marin,37.97231,-122.520004
06-12-2016,AQS,60410001,3,9.9,ug/m3 LC,41,San Rafael,1,100,88101,PM2.5 - Local Conditions,41860,"San Francisco-Oakland-Hayward, CA",6,California,41,Marin,37.97231,-122.520004
06/13/2016,AQS,60410001,3,8.2,ug/m3 LC,34,San Rafael,1,100,88101,PM2.5 - Local Conditions,41860,"San Francisco-Oakland-Hayward, CA",6,California,41,Marin,37.97231,-122.520004
06/14/2016,AQS,60410001,3,7.4,ug/m3 LC,31,San Rafael,1,100,88101,PM2.5 - Local Conditions,41860,"San Francisco-Oakland-Hayward, CA",6,California,41,Marin,37.97231,-122.520004
06/15/2016,AQS,60410001,3,5.7,ug/m3 LC,24,San Rafael,1,100,88101,PM2.5 - Local Conditions,41860,"San Francisco-Oakland-Hayward, CA",6,California,41,Marin,37.97231,-122.520004
06/16/2016,AQS,60410001,3,3.1,ug/m3 LC,13,San Rafael,1,100,88101,PM2.5 - Local Conditions,41860,"San Francisco-Oakland-Hayward, CA",6,California,41,Marin,37.97231,-122.520004
06/17/2016,AQS,60410001,3,4,ug/m3 LC,17,San Rafael,1,100,88101,PM2.5 - Local Conditions,41860,"San Francisco-Oakland-Hayward, CA",6,California,41,Marin,37.97231,-122.520004
06/18/2016,AQS,60410001,3,5.3,ug/m3 LC,22,San Rafael,1,100,88101,PM2.5 - Local Conditions,41860,"San Francisco-Oakland-Hayward, CA",6,California,41,Marin,37.97231,-122.520004
06/19/2016,AQS,60410001,3,5.1,ug/m3 LC,21,San Rafael,1,100,88101,PM2.5 - Local Conditions,41860,"San Francisco-Oakland-Hayward, CA",6,California,41,Marin,37.97231,-122.520004
06/20/2016,AQS,60410001,3,8.5,ug/m3 LC,35,San Rafael,1,100,88101,PM2.5 - Local Conditions,41860,"San Francisco-Oakland-Hayward, CA",6,California,41,Marin,37.97231,-122.520004
06/23/2016,AQS,60410001,3,5.6,ug/m3 LC,23,San Rafael,1,100,88101,PM2.5 - Local Conditions,41860,"San Francisco-Oakland-Hayward, CA",6,California,41,Marin,37.97231,-122.520004
06/24/2016,AQS,60410001,3,4.9,ug/m3 LC,20,San Rafael,1,100,88101,PM2.5 - Local Conditions,41860,"San Francisco-Oakland-Hayward, CA",6,California,41,Marin,37.97231,-122.520004
06/25/2016,AQS,60410001,3,9.7,ug/m3 LC,40,San Rafael,1,100,88101,PM2.5 - Local Conditions,41860,"San Francisco-Oakland-Hayward, CA",6,California,41,Marin,37.97231,-122.520004
06/26/2016,AQS,60410001,3,9.1,ug/m3 LC,38,San Rafael,1,100,88101,PM2.5 - Local Conditions,41860,"San Francisco-Oakland-Hayward, CA",6,California,41,Marin,37.97231,-122.520004
06/27/2016,AQS,60410001,3,6.7,ug/m3 LC,28,San Rafael,1,100,88101,PM2.5 - Local Conditions,41860,"San Francisco-Oakland-Hayward, CA",6,California,41,Marin,37.97231,-122.520004
06/28/2016,AQS,60410001,3,9.5,ug/m3 LC,40,San Rafael,1,100,88101,PM2.5 - Local Conditions,41860,"San Francisco-Oakland-Hayward, CA",6,California,41,Marin,37.97231,-122.520004
06/29/2016,AQS,60410001,3,12.1,ug/m3 LC,51,San Rafael,1,100,88101,PM2.5 - Local Conditions,41860,"San Francisco-Oakland-Hayward, CA",6,California,41,Marin,37.97231,-122.520004
06/30/2016,AQS,60410001,3,15.6,ug/m3 LC,58,San Rafael,1,100,88101,PM2.5 - Local Conditions,41860,"San Francisco-Oakland-Hayward, CA",6,California,41,Marin,37.97231,-122.520004
07-01-2016,AQS,60410001,3,12.2,ug/m3 LC,51,San Rafael,1,100,88101,PM2.5 - Local Conditions,41860,"San Francisco-Oakland-Hayward, CA",6,California,41,Marin,37.97231,-122.520004
07-02-2016,AQS,60410001,3,4.3,ug/m3 LC,18,San Rafael,1,100,88101,PM2.5 - Local Conditions,41860,"San Francisco-Oakland-Hayward, CA",6,California,41,Marin,37.97231,-122.520004
07-03-2016,AQS,60410001,3,4.6,ug/m3 LC,19,San Rafael,1,100,88101,PM2.5 - Local Conditions,41860,"San Francisco-Oakland-Hayward, CA",6,California,41,Marin,37.97231,-122.520004
07-04-2016,AQS,60410001,3,1.9,ug/m3 LC,8,San Rafael,1,100,88101,PM2.5 - Local Conditions,41860,"San Francisco-Oakland-Hayward, CA",6,California,41,Marin,37.97231,-122.520004
07-05-2016,AQS,60410001,3,3.7,ug/m3 LC,15,San Rafael,1,100,88101,PM2.5 - Local Conditions,41860,"San Francisco-Oakland-Hayward, CA",6,California,41,Marin,37.97231,-122.520004
07-06-2016,AQS,60410001,3,8.3,ug/m3 LC,35,San Rafael,1,100,88101,PM2.5 - Local Conditions,41860,"San Francisco-Oakland-Hayward, CA",6,California,41,Marin,37.97231,-122.520004
07-07-2016,AQS,60410001,3,4.2,ug/m3 LC,18,San Rafael,1,100,88101,PM2.5 - Local Conditions,41860,"San Francisco-Oakland-Hayward, CA",6,California,41,Marin,37.97231,-122.520004
07-08-2016,AQS,60410001,3,2.6,ug/m3 LC,11,San Rafael,1,100,88101,PM2.5 - Local Conditions,41860,"San Francisco-Oakland-Hayward, CA",6,California,41,Marin,37.97231,-122.520004
07-09-2016,AQS,60410001,3,-0.2,ug/m3 LC,0,San Rafael,1,100,88101,PM2.5 - Local Conditions,41860,"San Francisco-Oakland-Hayward, CA",6,California,41,Marin,37.97231,-122.520004
07-10-2016,AQS,60410001,3,5.9,ug/m3 LC,25,San Rafael,1,100,88101,PM2.5 - Local Conditions,41860,"San Francisco-Oakland-Hayward, CA",6,California,41,Marin,37.97231,-122.520004
07-11-2016,AQS,60410001,3,7,ug/m3 LC,29,San Rafael,1,100,88101,PM2.5 - Local Conditions,41860,"San Francisco-Oakland-Hayward, CA",6,California,41,Marin,37.97231,-122.520004
07-12-2016,AQS,60410001,3,6.8,ug/m3 LC,28,San Rafael,1,100,88101,PM2.5 - Local Conditions,41860,"San Francisco-Oakland-Hayward, CA",6,California,41,Marin,37.97231,-122.520004
07/13/2016,AQS,60410001,3,7.3,ug/m3 LC,30,San Rafael,1,100,88101,PM2.5 - Local Conditions,41860,"San Francisco-Oakland-Hayward, CA",6,California,41,Marin,37.97231,-122.520004
07/14/2016,AQS,60410001,3,7.5,ug/m3 LC,31,San Rafael,1,100,88101,PM2.5 - Local Conditions,41860,"San Francisco-Oakland-Hayward, CA",6,California,41,Marin,37.97231,-122.520004
07/15/2016,AQS,60410001,3,5.7,ug/m3 LC,24,San Rafael,1,100,88101,PM2.5 - Local Conditions,41860,"San Francisco-Oakland-Hayward, CA",6,California,41,Marin,37.97231,-122.520004
07/16/2016,AQS,60410001,3,3.6,ug/m3 LC,15,San Rafael,1,100,88101,PM2.5 - Local Conditions,41860,"San Francisco-Oakland-Hayward, CA",6,California,41,Marin,37.97231,-122.520004
07/17/2016,AQS,60410001,3,4.2,ug/m3 LC,18,San Rafael,1,100,88101,PM2.5 - Local Conditions,41860,"San Francisco-Oakland-Hayward, CA",6,California,41,Marin,37.97231,-122.520004
07/18/2016,AQS,60410001,3,2.9,ug/m3 LC,12,San Rafael,1,100,88101,PM2.5 - Local Conditions,41860,"San Francisco-Oakland-Hayward, CA",6,California,41,Marin,37.97231,-122.520004
07/19/2016,AQS,60410001,3,2,ug/m3 LC,8,San Rafael,1,100,88101,PM2.5 - Local Conditions,41860,"San Francisco-Oakland-Hayward, CA",6,California,41,Marin,37.97231,-122.520004
07/20/2016,AQS,60410001,3,3,ug/m3 LC,13,San Rafael,1,100,88101,PM2.5 - Local Conditions,41860,"San Francisco-Oakland-Hayward, CA",6,California,41,Marin,37.97231,-122.520004
07/21/2016,AQS,60410001,3,3.1,ug/m3 LC,13,San Rafael,1,100,88101,PM2.5 - Local Conditions,41860,"San Francisco-Oakland-Hayward, CA",6,California,41,Marin,37.97231,-122.520004
07/22/2016,AQS,60410001,3,5.5,ug/m3 LC,23,San Rafael,1,100,88101,PM2.5 - Local Conditions,41860,"San Francisco-Oakland-Hayward, CA",6,California,41,Marin,37.97231,-122.520004
07/23/2016,AQS,60410001,3,10.3,ug/m3 LC,43,San Rafael,1,100,88101,PM2.5 - Local Conditions,41860,"San Francisco-Oakland-Hayward, CA",6,California,41,Marin,37.97231,-122.520004
07/24/2016,AQS,60410001,3,10.7,ug/m3 LC,45,San Rafael,1,100,88101,PM2.5 - Local Conditions,41860,"San Francisco-Oakland-Hayward, CA",6,California,41,Marin,37.97231,-122.520004
07/25/2016,AQS,60410001,3,3.9,ug/m3 LC,16,San Rafael,1,100,88101,PM2.5 - Local Conditions,41860,"San Francisco-Oakland-Hayward, CA",6,California,41,Marin,37.97231,-122.520004
07/26/2016,AQS,60410001,3,5.2,ug/m3 LC,22,San Rafael,1,100,88101,PM2.5 - Local Conditions,41860,"San Francisco-Oakland-Hayward, CA",6,California,41,Marin,37.97231,-122.520004
07/27/2016,AQS,60410001,3,4.8,ug/m3 LC,20,San Rafael,1,100,88101,PM2.5 - Local Conditions,41860,"San Francisco-Oakland-Hayward, CA",6,California,41,Marin,37.97231,-122.520004
07/28/2016,AQS,60410001,3,3,ug/m3 LC,13,San Rafael,1,100,88101,PM2.5 - Local Conditions,41860,"San Francisco-Oakland-Hayward, CA",6,California,41,Marin,37.97231,-122.520004
07/29/2016,AQS,60410001,3,2.8,ug/m3 LC,12,San Rafael,1,100,88101,PM2.5 - Local Conditions,41860,"San Francisco-Oakland-Hayward, CA",6,California,41,Marin,37.97231,-122.520004
07/30/2016,AQS,60410001,3,2.5,ug/m3 LC,10,San Rafael,1,100,88101,PM2.5 - Local Conditions,41860,"San Francisco-Oakland-Hayward, CA",6,California,41,Marin,37.97231,-122.520004
07/31/2016,AQS,60410001,3,2.7,ug/m3 LC,11,San Rafael,1,100,88101,PM2.5 - Local Conditions,41860,"San Francisco-Oakland-Hayward, CA",6,California,41,Marin,37.97231,-122.520004
08-01-2016,AQS,60410001,3,3.2,ug/m3 LC,13,San Rafael,1,100,88101,PM2.5 - Local Conditions,41860,"San Francisco-Oakland-Hayward, CA",6,California,41,Marin,37.97231,-122.520004
08-02-2016,AQS,60410001,3,3.1,ug/m3 LC,13,San Rafael,1,100,88101,PM2.5 - Local Conditions,41860,"San Francisco-Oakland-Hayward, CA",6,California,41,Marin,37.97231,-122.520004
08-03-2016,AQS,60410001,3,8.6,ug/m3 LC,36,San Rafael,1,100,88101,PM2.5 - Local Conditions,41860,"San Francisco-Oakland-Hayward, CA",6,California,41,Marin,37.97231,-122.520004
08-04-2016,AQS,60410001,3,5.7,ug/m3 LC,24,San Rafael,1,100,88101,PM2.5 - Local Conditions,41860,"San Francisco-Oakland-Hayward, CA",6,California,41,Marin,37.97231,-122.520004
08-05-2016,AQS,60410001,3,2.9,ug/m3 LC,12,San Rafael,1,100,88101,PM2.5 - Local Conditions,41860,"San Francisco-Oakland-Hayward, CA",6,California,41,Marin,37.97231,-122.520004
08-06-2016,AQS,60410001,3,7,ug/m3 LC,29,San Rafael,1,100,88101,PM2.5 - Local Conditions,41860,"San Francisco-Oakland-Hayward, CA",6,California,41,Marin,37.97231,-122.520004
08-07-2016,AQS,60410001,3,8.1,ug/m3 LC,34,San Rafael,1,100,88101,PM2.5 - Local Conditions,41860,"San Francisco-Oakland-Hayward, CA",6,California,41,Marin,37.97231,-122.520004
08-08-2016,AQS,60410001,3,5.6,ug/m3 LC,23,San Rafael,1,100,88101,PM2.5 - Local Conditions,41860,"San Francisco-Oakland-Hayward, CA",6,California,41,Marin,37.97231,-122.520004
08-09-2016,AQS,60410001,3,4.1,ug/m3 LC,17,San Rafael,1,100,88101,PM2.5 - Local Conditions,41860,"San Francisco-Oakland-Hayward, CA",6,California,41,Marin,37.97231,-122.520004
08-10-2016,AQS,60410001,3,4.4,ug/m3 LC,18,San Rafael,1,100,88101,PM2.5 - Local Conditions,41860,"San Francisco-Oakland-Hayward, CA",6,California,41,Marin,37.97231,-122.520004
08-11-2016,AQS,60410001,3,3,ug/m3 LC,13,San Rafael,1,100,88101,PM2.5 - Local Conditions,41860,"San Francisco-Oakland-Hayward, CA",6,California,41,Marin,37.97231,-122.520004
08-12-2016,AQS,60410001,3,2,ug/m3 LC,8,San Rafael,1,100,88101,PM2.5 - Local Conditions,41860,"San Francisco-Oakland-Hayward, CA",6,California,41,Marin,37.97231,-122.520004
08/13/2016,AQS,60410001,3,3.1,ug/m3 LC,13,San Rafael,1,100,88101,PM2.5 - Local Conditions,41860,"San Francisco-Oakland-Hayward, CA",6,California,41,Marin,37.97231,-122.520004
08/14/2016,AQS,60410001,3,1.5,ug/m3 LC,6,San Rafael,1,100,88101,PM2.5 - Local Conditions,41860,"San Francisco-Oakland-Hayward, CA",6,California,41,Marin,37.97231,-122.520004
08/15/2016,AQS,60410001,3,2.4,ug/m3 LC,10,San Rafael,1,100,88101,PM2.5 - Local Conditions,41860,"San Francisco-Oakland-Hayward, CA",6,California,41,Marin,37.97231,-122.520004
08/16/2016,AQS,60410001,3,2.8,ug/m3 LC,12,San Rafael,1,100,88101,PM2.5 - Local Conditions,41860,"San Francisco-Oakland-Hayward, CA",6,California,41,Marin,37.97231,-122.520004
08/17/2016,AQS,60410001,3,4.6,ug/m3 LC,19,San Rafael,1,100,88101,PM2.5 - Local Conditions,41860,"San Francisco-Oakland-Hayward, CA",6,California,41,Marin,37.97231,-122.520004
08/18/2016,AQS,60410001,3,5.4,ug/m3 LC,23,San Rafael,1,100,88101,PM2.5 - Local Conditions,41860,"San Francisco-Oakland-Hayward, CA",6,California,41,Marin,37.97231,-122.520004
08/19/2016,AQS,60410001,3,8.5,ug/m3 LC,35,San Rafael,1,100,88101,PM2.5 - Local Conditions,41860,"San Francisco-Oakland-Hayward, CA",6,California,41,Marin,37.97231,-122.520004
08/20/2016,AQS,60410001,3,7.4,ug/m3 LC,31,San Rafael,1,100,88101,PM2.5 - Local Conditions,41860,"San Francisco-Oakland-Hayward, CA",6,California,41,Marin,37.97231,-122.520004
08/21/2016,AQS,60410001,3,4.5,ug/m3 LC,19,San Rafael,1,100,88101,PM2.5 - Local Conditions,41860,"San Francisco-Oakland-Hayward, CA",6,California,41,Marin,37.97231,-122.520004
08/22/2016,AQS,60410001,3,2.7,ug/m3 LC,11,San Rafael,1,100,88101,PM2.5 - Local Conditions,41860,"San Francisco-Oakland-Hayward, CA",6,California,41,Marin,37.97231,-122.520004
08/23/2016,AQS,60410001,3,4.1,ug/m3 LC,17,San Rafael,1,100,88101,PM2.5 - Local Conditions,41860,"San Francisco-Oakland-Hayward, CA",6,California,41,Marin,37.97231,-122.520004
08/24/2016,AQS,60410001,3,2.6,ug/m3 LC,11,San Rafael,1,100,88101,PM2.5 - Local Conditions,41860,"San Francisco-Oakland-Hayward, CA",6,California,41,Marin,37.97231,-122.520004
08/25/2016,AQS,60410001,3,3.4,ug/m3 LC,14,San Rafael,1,100,88101,PM2.5 - Local Conditions,41860,"San Francisco-Oakland-Hayward, CA",6,California,41,Marin,37.97231,-122.520004
08/26/2016,AQS,60410001,3,3.3,ug/m3 LC,14,San Rafael,1,100,88101,PM2.5 - Local Conditions,41860,"San Francisco-Oakland-Hayward, CA",6,California,41,Marin,37.97231,-122.520004
08/27/2016,AQS,60410001,3,7.3,ug/m3 LC,30,San Rafael,1,100,88101,PM2.5 - Local Conditions,41860,"San Francisco-Oakland-Hayward, CA",6,California,41,Marin,37.97231,-122.520004
08/28/2016,AQS,60410001,3,6.9,ug/m3 LC,29,San Rafael,1,100,88101,PM2.5 - Local Conditions,41860,"San Francisco-Oakland-Hayward, CA",6,California,41,Marin,37.97231,-122.520004
08/29/2016,AQS,60410001,3,4.2,ug/m3 LC,18,San Rafael,1,100,88101,PM2.5 - Local Conditions,41860,"San Francisco-Oakland-Hayward, CA",6,California,41,Marin,37.97231,-122.520004
08/30/2016,AQS,60410001,3,4.6,ug/m3 LC,19,San Rafael,1,100,88101,PM2.5 - Local Conditions,41860,"San Francisco-Oakland-Hayward, CA",6,California,41,Marin,37.97231,-122.520004
08/31/2016,AQS,60410001,3,3.8,ug/m3 LC,16,San Rafael,1,100,88101,PM2.5 - Local Conditions,41860,"San Francisco-Oakland-Hayward, CA",6,California,41,Marin,37.97231,-122.520004
09-01-2016,AQS,60410001,3,6,ug/m3 LC,25,San Rafael,1,100,88101,PM2.5 - Local Conditions,41860,"San Francisco-Oakland-Hayward, CA",6,California,41,Marin,37.97231,-122.520004
09-02-2016,AQS,60410001,3,8.6,ug/m3 LC,36,San Rafael,1,100,88101,PM2.5 - Local Conditions,41860,"San Francisco-Oakland-Hayward, CA",6,California,41,Marin,37.97231,-122.520004
09-03-2016,AQS,60410001,3,11.2,ug/m3 LC,47,San Rafael,1,100,88101,PM2.5 - Local Conditions,41860,"San Francisco-Oakland-Hayward, CA",6,California,41,Marin,37.97231,-122.520004
09-04-2016,AQS,60410001,3,8.5,ug/m3 LC,35,San Rafael,1,100,88101,PM2.5 - Local Conditions,41860,"San Francisco-Oakland-Hayward, CA",6,California,41,Marin,37.97231,-122.520004
09-05-2016,AQS,60410001,3,11.2,ug/m3 LC,47,San Rafael,1,100,88101,PM2.5 - Local Conditions,41860,"San Francisco-Oakland-Hayward, CA",6,California,41,Marin,37.97231,-122.520004
09-06-2016,AQS,60410001,3,13.6,ug/m3 LC,54,San Rafael,1,100,88101,PM2.5 - Local Conditions,41860,"San Francisco-Oakland-Hayward, CA",6,California,41,Marin,37.97231,-122.520004
09-07-2016,AQS,60410001,3,14,ug/m3 LC,55,San Rafael,1,100,88101,PM2.5 - Local Conditions,41860,"San Francisco-Oakland-Hayward, CA",6,California,41,Marin,37.97231,-122.520004
09/21/2016,AQS,60410001,3,9.8,ug/m3 LC,41,San Rafael,1,100,88101,PM2.5 - Local Conditions,41860,"San Francisco-Oakland-Hayward, CA",6,California,41,Marin,37.97231,-122.520004
09/22/2016,AQS,60410001,3,8.9,ug/m3 LC,37,San Rafael,1,100,88101,PM2.5 - Local Conditions,41860,"San Francisco-Oakland-Hayward, CA",6,California,41,Marin,37.97231,-122.520004
09/23/2016,AQS,60410001,3,8,ug/m3 LC,33,San Rafael,1,100,88101,PM2.5 - Local Conditions,41860,"San Francisco-Oakland-Hayward, CA",6,California,41,Marin,37.97231,-122.520004
09/24/2016,AQS,60410001,3,6.2,ug/m3 LC,26,San Rafael,1,100,88101,PM2.5 - Local Conditions,41860,"San Francisco-Oakland-Hayward, CA",6,California,41,Marin,37.97231,-122.520004
09/25/2016,AQS,60410001,3,6.9,ug/m3 LC,29,San Rafael,1,100,88101,PM2.5 - Local Conditions,41860,"San Francisco-Oakland-Hayward, CA",6,California,41,Marin,37.97231,-122.520004
09/26/2016,AQS,60410001,3,9.2,ug/m3 LC,38,San Rafael,1,100,88101,PM2.5 - Local Conditions,41860,"San Francisco-Oakland-Hayward, CA",6,California,41,Marin,37.97231,-122.520004
09/27/2016,AQS,60410001,3,6.7,ug/m3 LC,28,San Rafael,1,100,88101,PM2.5 - Local Conditions,41860,"San Francisco-Oakland-Hayward, CA",6,California,41,Marin,37.97231,-122.520004
09/28/2016,AQS,60410001,3,6.2,ug/m3 LC,26,San Rafael,1,100,88101,PM2.5 - Local Conditions,41860,"San Francisco-Oakland-Hayward, CA",6,California,41,Marin,37.97231,-122.520004
09/29/2016,AQS,60410001,3,8,ug/m3 LC,33,San Rafael,1,100,88101,PM2.5 - Local Conditions,41860,"San Francisco-Oakland-Hayward, CA",6,California,41,Marin,37.97231,-122.520004
09/30/2016,AQS,60410001,3,10.3,ug/m3 LC,43,San Rafael,1,100,88101,PM2.5 - Local Conditions,41860,"San Francisco-Oakland-Hayward, CA",6,California,41,Marin,37.97231,-122.520004
10-01-2016,AQS,60410001,3,7.2,ug/m3 LC,30,San Rafael,1,100,88101,PM2.5 - Local Conditions,41860,"San Francisco-Oakland-Hayward, CA",6,California,41,Marin,37.97231,-122.520004
10-02-2016,AQS,60410001,3,7.2,ug/m3 LC,30,San Rafael,1,100,88101,PM2.5 - Local Conditions,41860,"San Francisco-Oakland-Hayward, CA",6,California,41,Marin,37.97231,-122.520004
10-03-2016,AQS,60410001,3,4.6,ug/m3 LC,19,San Rafael,1,100,88101,PM2.5 - Local Conditions,41860,"San Francisco-Oakland-Hayward, CA",6,California,41,Marin,37.97231,-122.520004
10-04-2016,AQS,60410001,3,6.3,ug/m3 LC,26,San Rafael,1,100,88101,PM2.5 - Local Conditions,41860,"San Francisco-Oakland-Hayward, CA",6,California,41,Marin,37.97231,-122.520004
10-05-2016,AQS,60410001,3,7,ug/m3 LC,29,San Rafael,1,100,88101,PM2.5 - Local Conditions,41860,"San Francisco-Oakland-Hayward, CA",6,California,41,Marin,37.97231,-122.520004
10-06-2016,AQS,60410001,3,5.7,ug/m3 LC,24,San Rafael,1,100,88101,PM2.5 - Local Conditions,41860,"San Francisco-Oakland-Hayward, CA",6,California,41,Marin,37.97231,-122.520004
10-07-2016,AQS,60410001,3,5.8,ug/m3 LC,24,San Rafael,1,100,88101,PM2.5 - Local Conditions,41860,"San Francisco-Oakland-Hayward, CA",6,California,41,Marin,37.97231,-122.520004
10-08-2016,AQS,60410001,3,7.3,ug/m3 LC,30,San Rafael,1,100,88101,PM2.5 - Local Conditions,41860,"San Francisco-Oakland-Hayward, CA",6,California,41,Marin,37.97231,-122.520004
10-09-2016,AQS,60410001,3,6.8,ug/m3 LC,28,San Rafael,1,100,88101,PM2.5 - Local Conditions,41860,"San Francisco-Oakland-Hayward, CA",6,California,41,Marin,37.97231,-122.520004
10-10-2016,AQS,60410001,3,6.5,ug/m3 LC,27,San Rafael,1,100,88101,PM2.5 - Local Conditions,41860,"San Francisco-Oakland-Hayward, CA",6,California,41,Marin,37.97231,-122.520004
10-11-2016,AQS,60410001,3,7.3,ug/m3 LC,30,San Rafael,1,100,88101,PM2.5 - Local Conditions,41860,"San Francisco-Oakland-Hayward, CA",6,California,41,Marin,37.97231,-122.520004
10-12-2016,AQS,60410001,3,3.9,ug/m3 LC,16,San Rafael,1,100,88101,PM2.5 - Local Conditions,41860,"San Francisco-Oakland-Hayward, CA",6,California,41,Marin,37.97231,-122.520004
10/13/2016,AQS,60410001,3,4.7,ug/m3 LC,20,San Rafael,1,100,88101,PM2.5 - Local Conditions,41860,"San Francisco-Oakland-Hayward, CA",6,California,41,Marin,37.97231,-122.520004
10/14/2016,AQS,60410001,3,4.7,ug/m3 LC,20,San Rafael,1,100,88101,PM2.5 - Local Conditions,41860,"San Francisco-Oakland-Hayward, CA",6,California,41,Marin,37.97231,-122.520004
10/15/2016,AQS,60410001,3,4.6,ug/m3 LC,19,San Rafael,1,100,88101,PM2.5 - Local Conditions,41860,"San Francisco-Oakland-Hayward, CA",6,California,41,Marin,37.97231,-122.520004
10/16/2016,AQS,60410001,3,4.3,ug/m3 LC,18,San Rafael,1,100,88101,PM2.5 - Local Conditions,41860,"San Francisco-Oakland-Hayward, CA",6,California,41,Marin,37.97231,-122.520004
10/17/2016,AQS,60410001,3,7.8,ug/m3 LC,33,San Rafael,1,100,88101,PM2.5 - Local Conditions,41860,"San Francisco-Oakland-Hayward, CA",6,California,41,Marin,37.97231,-122.520004
10/18/2016,AQS,60410001,3,5.7,ug/m3 LC,24,San Rafael,1,100,88101,PM2.5 - Local Conditions,41860,"San Francisco-Oakland-Hayward, CA",6,California,41,Marin,37.97231,-122.520004
10/19/2016,AQS,60410001,3,5.9,ug/m3 LC,25,San Rafael,1,100,88101,PM2.5 - Local Conditions,41860,"San Francisco-Oakland-Hayward, CA",6,California,41,Marin,37.97231,-122.520004
10/20/2016,AQS,60410001,3,6.4,ug/m3 LC,27,San Rafael,1,100,88101,PM2.5 - Local Conditions,41860,"San Francisco-Oakland-Hayward, CA",6,California,41,Marin,37.97231,-122.520004
10/21/2016,AQS,60410001,3,6.9,ug/m3 LC,29,San Rafael,1,100,88101,PM2.5 - Local Conditions,41860,"San Francisco-Oakland-Hayward, CA",6,California,41,Marin,37.97231,-122.520004
10/22/2016,AQS,60410001,3,6.4,ug/m3 LC,27,San Rafael,1,100,88101,PM2.5 - Local Conditions,41860,"San Francisco-Oakland-Hayward, CA",6,California,41,Marin,37.97231,-122.520004
10/23/2016,AQS,60410001,3,6.3,ug/m3 LC,26,San Rafael,1,100,88101,PM2.5 - Local Conditions,41860,"San Francisco-Oakland-Hayward, CA",6,California,41,Marin,37.97231,-122.520004
10/24/2016,AQS,60410001,3,6.6,ug/m3 LC,28,San Rafael,1,100,88101,PM2.5 - Local Conditions,41860,"San Francisco-Oakland-Hayward, CA",6,California,41,Marin,37.97231,-122.520004
10/25/2016,AQS,60410001,3,5.5,ug/m3 LC,23,San Rafael,1,100,88101,PM2.5 - Local Conditions,41860,"San Francisco-Oakland-Hayward, CA",6,California,41,Marin,37.97231,-122.520004
10/26/2016,AQS,60410001,3,5.2,ug/m3 LC,22,San Rafael,1,100,88101,PM2.5 - Local Conditions,41860,"San Francisco-Oakland-Hayward, CA",6,California,41,Marin,37.97231,-122.520004
10/27/2016,AQS,60410001,3,5.5,ug/m3 LC,23,San Rafael,1,100,88101,PM2.5 - Local Conditions,41860,"San Francisco-Oakland-Hayward, CA",6,California,41,Marin,37.97231,-122.520004
10/28/2016,AQS,60410001,3,3.5,ug/m3 LC,15,San Rafael,1,100,88101,PM2.5 - Local Conditions,41860,"San Francisco-Oakland-Hayward, CA",6,California,41,Marin,37.97231,-122.520004
10/29/2016,AQS,60410001,3,3.5,ug/m3 LC,15,San Rafael,1,100,88101,PM2.5 - Local Conditions,41860,"San Francisco-Oakland-Hayward, CA",6,California,41,Marin,37.97231,-122.520004
10/30/2016,AQS,60410001,3,4.5,ug/m3 LC,19,San Rafael,1,100,88101,PM2.5 - Local Conditions,41860,"San Francisco-Oakland-Hayward, CA",6,California,41,Marin,37.97231,-122.520004
10/31/2016,AQS,60410001,3,5.4,ug/m3 LC,23,San Rafael,1,100,88101,PM2.5 - Local Conditions,41860,"San Francisco-Oakland-Hayward, CA",6,California,41,Marin,37.97231,-122.520004
11-01-2016,AQS,60410001,3,6.9,ug/m3 LC,29,San Rafael,1,100,88101,PM2.5 - Local Conditions,41860,"San Francisco-Oakland-Hayward, CA",6,California,41,Marin,37.97231,-122.520004
11-02-2016,AQS,60410001,3,6.7,ug/m3 LC,28,San Rafael,1,100,88101,PM2.5 - Local Conditions,41860,"San Francisco-Oakland-Hayward, CA",6,California,41,Marin,37.97231,-122.520004
11-03-2016,AQS,60410001,3,8.2,ug/m3 LC,34,San Rafael,1,100,88101,PM2.5 - Local Conditions,41860,"San Francisco-Oakland-Hayward, CA",6,California,41,Marin,37.97231,-122.520004
11-04-2016,AQS,60410001,3,11.8,ug/m3 LC,49,San Rafael,1,100,88101,PM2.5 - Local Conditions,41860,"San Francisco-Oakland-Hayward, CA",6,California,41,Marin,37.97231,-122.520004
11-05-2016,AQS,60410001,3,9.7,ug/m3 LC,40,San Rafael,1,100,88101,PM2.5 - Local Conditions,41860,"San Francisco-Oakland-Hayward, CA",6,California,41,Marin,37.97231,-122.520004
11-06-2016,AQS,60410001,3,5.7,ug/m3 LC,24,San Rafael,1,100,88101,PM2.5 - Local Conditions,41860,"San Francisco-Oakland-Hayward, CA",6,California,41,Marin,37.97231,-122.520004
11-07-2016,AQS,60410001,3,6.4,ug/m3 LC,27,San Rafael,1,100,88101,PM2.5 - Local Conditions,41860,"San Francisco-Oakland-Hayward, CA",6,California,41,Marin,37.97231,-122.520004
11-08-2016,AQS,60410001,3,8,ug/m3 LC,33,San Rafael,1,100,88101,PM2.5 - Local Conditions,41860,"San Francisco-Oakland-Hayward, CA",6,California,41,Marin,37.97231,-122.520004
11-09-2016,AQS,60410001,3,8.4,ug/m3 LC,35,San Rafael,1,100,88101,PM2.5 - Local Conditions,41860,"San Francisco-Oakland-Hayward, CA",6,California,41,Marin,37.97231,-122.520004
11-10-2016,AQS,60410001,3,11.7,ug/m3 LC,49,San Rafael,1,100,88101,PM2.5 - Local Conditions,41860,"San Francisco-Oakland-Hayward, CA",6,California,41,Marin,37.97231,-122.520004
11-11-2016,AQS,60410001,3,14.7,ug/m3 LC,56,San Rafael,1,100,88101,PM2.5 - Local Conditions,41860,"San Francisco-Oakland-Hayward, CA",6,California,41,Marin,37.97231,-122.520004
11-12-2016,AQS,60410001,3,6.2,ug/m3 LC,26,San Rafael,1,100,88101,PM2.5 - Local Conditions,41860,"San Francisco-Oakland-Hayward, CA",6,California,41,Marin,37.97231,-122.520004
11/13/2016,AQS,60410001,3,7.6,ug/m3 LC,32,San Rafael,1,100,88101,PM2.5 - Local Conditions,41860,"San Francisco-Oakland-Hayward, CA",6,California,41,Marin,37.97231,-122.520004
11/14/2016,AQS,60410001,3,9.9,ug/m3 LC,41,San Rafael,1,100,88101,PM2.5 - Local Conditions,41860,"San Francisco-Oakland-Hayward, CA",6,California,41,Marin,37.97231,-122.520004
11/15/2016,AQS,60410001,3,6,ug/m3 LC,25,San Rafael,1,100,88101,PM2.5 - Local Conditions,41860,"San Francisco-Oakland-Hayward, CA",6,California,41,Marin,37.97231,-122.520004
11/16/2016,AQS,60410001,3,5.2,ug/m3 LC,22,San Rafael,1,100,88101,PM2.5 - Local Conditions,41860,"San Francisco-Oakland-Hayward, CA",6,California,41,Marin,37.97231,-122.520004
11/17/2016,AQS,60410001,3,5.2,ug/m3 LC,22,San Rafael,1,100,88101,PM2.5 - Local Conditions,41860,"San Francisco-Oakland-Hayward, CA",6,California,41,Marin,37.97231,-122.520004
11/18/2016,AQS,60410001,3,9.2,ug/m3 LC,38,San Rafael,1,100,88101,PM2.5 - Local Conditions,41860,"San Francisco-Oakland-Hayward, CA",6,California,41,Marin,37.97231,-122.520004
11/19/2016,AQS,60410001,3,5.1,ug/m3 LC,21,San Rafael,1,100,88101,PM2.5 - Local Conditions,41860,"San Francisco-Oakland-Hayward, CA",6,California,41,Marin,37.97231,-122.520004
11/20/2016,AQS,60410001,3,6.1,ug/m3 LC,25,San Rafael,1,100,88101,PM2.5 - Local Conditions,41860,"San Francisco-Oakland-Hayward, CA",6,California,41,Marin,37.97231,-122.520004
11/21/2016,AQS,60410001,3,7.2,ug/m3 LC,30,San Rafael,1,100,88101,PM2.5 - Local Conditions,41860,"San Francisco-Oakland-Hayward, CA",6,California,41,Marin,37.97231,-122.520004
11/22/2016,AQS,60410001,3,5.3,ug/m3 LC,22,San Rafael,1,100,88101,PM2.5 - Local Conditions,41860,"San Francisco-Oakland-Hayward, CA",6,California,41,Marin,37.97231,-122.520004
11/23/2016,AQS,60410001,3,7,ug/m3 LC,29,San Rafael,1,100,88101,PM2.5 - Local Conditions,41860,"San Francisco-Oakland-Hayward, CA",6,California,41,Marin,37.97231,-122.520004
11/24/2016,AQS,60410001,3,6.5,ug/m3 LC,27,San Rafael,1,100,88101,PM2.5 - Local Conditions,41860,"San Francisco-Oakland-Hayward, CA",6,California,41,Marin,37.97231,-122.520004
11/25/2016,AQS,60410001,3,12.2,ug/m3 LC,51,San Rafael,1,100,88101,PM2.5 - Local Conditions,41860,"San Francisco-Oakland-Hayward, CA",6,California,41,Marin,37.97231,-122.520004
11/26/2016,AQS,60410001,3,5,ug/m3 LC,21,San Rafael,1,100,88101,PM2.5 - Local Conditions,41860,"San Francisco-Oakland-Hayward, CA",6,California,41,Marin,37.97231,-122.520004
11/27/2016,AQS,60410001,3,6.4,ug/m3 LC,27,San Rafael,1,100,88101,PM2.5 - Local Conditions,41860,"San Francisco-Oakland-Hayward, CA",6,California,41,Marin,37.97231,-122.520004
11/28/2016,AQS,60410001,3,6.3,ug/m3 LC,26,San Rafael,1,100,88101,PM2.5 - Local Conditions,41860,"San Francisco-Oakland-Hayward, CA",6,California,41,Marin,37.97231,-122.520004
11/29/2016,AQS,60410001,3,5.7,ug/m3 LC,24,San Rafael,1,100,88101,PM2.5 - Local Conditions,41860,"San Francisco-Oakland-Hayward, CA",6,California,41,Marin,37.97231,-122.520004
11/30/2016,AQS,60410001,3,8.3,ug/m3 LC,35,San Rafael,1,100,88101,PM2.5 - Local Conditions,41860,"San Francisco-Oakland-Hayward, CA",6,California,41,Marin,37.97231,-122.520004
12-01-2016,AQS,60410001,3,5.4,ug/m3 LC,23,San Rafael,1,100,88101,PM2.5 - Local Conditions,41860,"San Francisco-Oakland-Hayward, CA",6,California,41,Marin,37.97231,-122.520004
12-02-2016,AQS,60410001,3,4.5,ug/m3 LC,19,San Rafael,1,100,88101,PM2.5 - Local Conditions,41860,"San Francisco-Oakland-Hayward, CA",6,California,41,Marin,37.97231,-122.520004
12-03-2016,AQS,60410001,3,10.3,ug/m3 LC,43,San Rafael,1,100,88101,PM2.5 - Local Conditions,41860,"San Francisco-Oakland-Hayward, CA",6,California,41,Marin,37.97231,-122.520004
12-04-2016,AQS,60410001,3,8.9,ug/m3 LC,37,San Rafael,1,100,88101,PM2.5 - Local Conditions,41860,"San Francisco-Oakland-Hayward, CA",6,California,41,Marin,37.97231,-122.520004
12-05-2016,AQS,60410001,3,5.6,ug/m3 LC,23,San Rafael,1,100,88101,PM2.5 - Local Conditions,41860,"San Francisco-Oakland-Hayward, CA",6,California,41,Marin,37.97231,-122.520004
12-06-2016,AQS,60410001,3,6.1,ug/m3 LC,25,San Rafael,1,100,88101,PM2.5 - Local Conditions,41860,"San Francisco-Oakland-Hayward, CA",6,California,41,Marin,37.97231,-122.520004
12-07-2016,AQS,60410001,3,7,ug/m3 LC,29,San Rafael,1,100,88101,PM2.5 - Local Conditions,41860,"San Francisco-Oakland-Hayward, CA",6,California,41,Marin,37.97231,-122.520004
12-08-2016,AQS,60410001,3,9.6,ug/m3 LC,40,San Rafael,1,100,88101,PM2.5 - Local Conditions,41860,"San Francisco-Oakland-Hayward, CA",6,California,41,Marin,37.97231,-122.520004
12-09-2016,AQS,60410001,3,4.5,ug/m3 LC,19,San Rafael,1,100,88101,PM2.5 - Local Conditions,41860,"San Francisco-Oakland-Hayward, CA",6,California,41,Marin,37.97231,-122.520004
12-10-2016,AQS,60410001,3,4.2,ug/m3 LC,18,San Rafael,1,100,88101,PM2.5 - Local Conditions,41860,"San Francisco-Oakland-Hayward, CA",6,California,41,Marin,37.97231,-122.520004
12-11-2016,AQS,60410001,3,6.5,ug/m3 LC,27,San Rafael,1,100,88101,PM2.5 - Local Conditions,41860,"San Francisco-Oakland-Hayward, CA",6,California,41,Marin,37.97231,-122.520004
12-12-2016,AQS,60410001,3,7.6,ug/m3 LC,32,San Rafael,1,100,88101,PM2.5 - Local Conditions,41860,"San Francisco-Oakland-Hayward, CA",6,California,41,Marin,37.97231,-122.520004
12/13/2016,AQS,60410001,3,14,ug/m3 LC,55,San Rafael,1,100,88101,PM2.5 - Local Conditions,41860,"San Francisco-Oakland-Hayward, CA",6,California,41,Marin,37.97231,-122.520004
12/14/2016,AQS,60410001,3,5.8,ug/m3 LC,24,San Rafael,1,100,88101,PM2.5 - Local Conditions,41860,"San Francisco-Oakland-Hayward, CA",6,California,41,Marin,37.97231,-122.520004
12/15/2016,AQS,60410001,3,2.9,ug/m3 LC,12,San Rafael,1,100,88101,PM2.5 - Local Conditions,41860,"San Francisco-Oakland-Hayward, CA",6,California,41,Marin,37.97231,-122.520004
12/16/2016,AQS,60410001,3,6.9,ug/m3 LC,29,San Rafael,1,100,88101,PM2.5 - Local Conditions,41860,"San Francisco-Oakland-Hayward, CA",6,California,41,Marin,37.97231,-122.520004
12/17/2016,AQS,60410001,3,6.4,ug/m3 LC,27,San Rafael,1,100,88101,PM2.5 - Local Conditions,41860,"San Francisco-Oakland-Hayward, CA",6,California,41,Marin,37.97231,-122.520004
12/18/2016,AQS,60410001,3,9.7,ug/m3 LC,40,San Rafael,1,100,88101,PM2.5 - Local Conditions,41860,"San Francisco-Oakland-Hayward, CA",6,California,41,Marin,37.97231,-122.520004
12/19/2016,AQS,60410001,3,7.6,ug/m3 LC,32,San Rafael,1,100,88101,PM2.5 - Local Conditions,41860,"San Francisco-Oakland-Hayward, CA",6,California,41,Marin,37.97231,-122.520004
12/20/2016,AQS,60410001,3,10.2,ug/m3 LC,43,San Rafael,1,100,88101,PM2.5 - Local Conditions,41860,"San Francisco-Oakland-Hayward, CA",6,California,41,Marin,37.97231,-122.520004
12/21/2016,AQS,60410001,3,10.7,ug/m3 LC,45,San Rafael,1,100,88101,PM2.5 - Local Conditions,41860,"San Francisco-Oakland-Hayward, CA",6,California,41,Marin,37.97231,-122.520004
12/22/2016,AQS,60410001,3,9.7,ug/m3 LC,40,San Rafael,1,100,88101,PM2.5 - Local Conditions,41860,"San Francisco-Oakland-Hayward, CA",6,California,41,Marin,37.97231,-122.520004
12/23/2016,AQS,60410001,3,7.2,ug/m3 LC,30,San Rafael,1,100,88101,PM2.5 - Local Conditions,41860,"San Francisco-Oakland-Hayward, CA",6,California,41,Marin,37.97231,-122.520004
12/24/2016,AQS,60410001,3,5.7,ug/m3 LC,24,San Rafael,1,100,88101,PM2.5 - Local Conditions,41860,"San Francisco-Oakland-Hayward, CA",6,California,41,Marin,37.97231,-122.520004
12/25/2016,AQS,60410001,3,9.3,ug/m3 LC,39,San Rafael,1,100,88101,PM2.5 - Local Conditions,41860,"San Francisco-Oakland-Hayward, CA",6,California,41,Marin,37.97231,-122.520004
12/26/2016,AQS,60410001,3,8,ug/m3 LC,33,San Rafael,1,100,88101,PM2.5 - Local Conditions,41860,"San Francisco-Oakland-Hayward, CA",6,California,41,Marin,37.97231,-122.520004
12/27/2016,AQS,60410001,3,7.1,ug/m3 LC,30,San Rafael,1,100,88101,PM2.5 - Local Conditions,41860,"San Francisco-Oakland-Hayward, CA",6,California,41,Marin,37.97231,-122.520004
12/28/2016,AQS,60410001,3,6,ug/m3 LC,25,San Rafael,1,100,88101,PM2.5 - Local Conditions,41860,"San Francisco-Oakland-Hayward, CA",6,California,41,Marin,37.97231,-122.520004
12/29/2016,AQS,60410001,3,14.8,ug/m3 LC,57,San Rafael,1,100,88101,PM2.5 - Local Conditions,41860,"San Francisco-Oakland-Hayward, CA",6,California,41,Marin,37.97231,-122.520004
12/30/2016,AQS,60410001,3,12.9,ug/m3 LC,53,San Rafael,1,100,88101,PM2.5 - Local Conditions,41860,"San Francisco-Oakland-Hayward, CA",6,California,41,Marin,37.97231,-122.520004
12/31/2016,AQS,60410001,3,7.8,ug/m3 LC,33,San Rafael,1,100,88101,PM2.5 - Local Conditions,41860,"San Francisco-Oakland-Hayward, CA",6,California,41,Marin,37.97231,-122.520004
01-01-2016,AQS,60410002,1,1.7,ug/m3 LC,7,Point Reyes NS Ranger Station,1,100,88502,Acceptable PM2.5 AQI & Speciation Mass,41860,"San Francisco-Oakland-Hayward, CA",6,California,41,Marin,38.12297852,-122.9094397
01-04-2016,AQS,60410002,1,4.1,ug/m3 LC,17,Point Reyes NS Ranger Station,1,100,88502,Acceptable PM2.5 AQI & Speciation Mass,41860,"San Francisco-Oakland-Hayward, CA",6,California,41,Marin,38.12297852,-122.9094397
01-07-2016,AQS,60410002,1,5.6,ug/m3 LC,23,Point Reyes NS Ranger Station,1,100,88502,Acceptable PM2.5 AQI & Speciation Mass,41860,"San Francisco-Oakland-Hayward, CA",6,California,41,Marin,38.12297852,-122.9094397
01-10-2016,AQS,60410002,1,3.3,ug/m3 LC,14,Point Reyes NS Ranger Station,1,100,88502,Acceptable PM2.5 AQI & Speciation Mass,41860,"San Francisco-Oakland-Hayward, CA",6,California,41,Marin,38.12297852,-122.9094397
01/13/2016,AQS,60410002,1,7,ug/m3 LC,29,Point Reyes NS Ranger Station,1,100,88502,Acceptable PM2.5 AQI & Speciation Mass,41860,"San Francisco-Oakland-Hayward, CA",6,California,41,Marin,38.12297852,-122.9094397
01/16/2016,AQS,60410002,1,1.7,ug/m3 LC,7,Point Reyes NS Ranger Station,1,100,88502,Acceptable PM2.5 AQI & Speciation Mass,41860,"San Francisco-Oakland-Hayward, CA",6,California,41,Marin,38.12297852,-122.9094397
01/19/2016,AQS,60410002,1,6.2,ug/m3 LC,26,Point Reyes NS Ranger Station,1,100,88502,Acceptable PM2.5 AQI & Speciation Mass,41860,"San Francisco-Oakland-Hayward, CA",6,California,41,Marin,38.12297852,-122.9094397
01/22/2016,AQS,60410002,1,1.8,ug/m3 LC,8,Point Reyes NS Ranger Station,1,100,88502,Acceptable PM2.5 AQI & Speciation Mass,41860,"San Francisco-Oakland-Hayward, CA",6,California,41,Marin,38.12297852,-122.9094397
01/25/2016,AQS,60410002,1,2.1,ug/m3 LC,9,Point Reyes NS Ranger Station,1,100,88502,Acceptable PM2.5 AQI & Speciation Mass,41860,"San Francisco-Oakland-Hayward, CA",6,California,41,Marin,38.12297852,-122.9094397
01/28/2016,AQS,60410002,1,4.6,ug/m3 LC,19,Point Reyes NS Ranger Station,1,100,88502,Acceptable PM2.5 AQI & Speciation Mass,41860,"San Francisco-Oakland-Hayward, CA",6,California,41,Marin,38.12297852,-122.9094397
01/31/2016,AQS,60410002,1,3.8,ug/m3 LC,16,Point Reyes NS Ranger Station,1,100,88502,Acceptable PM2.5 AQI & Speciation Mass,41860,"San Francisco-Oakland-Hayward, CA",6,California,41,Marin,38.12297852,-122.9094397
02-06-2016,AQS,60410002,1,3.9,ug/m3 LC,16,Point Reyes NS Ranger Station,1,100,88502,Acceptable PM2.5 AQI & Speciation Mass,41860,"San Francisco-Oakland-Hayward, CA",6,California,41,Marin,38.12297852,-122.9094397
02-09-2016,AQS,60410002,1,7.5,ug/m3 LC,31,Point Reyes NS Ranger Station,1,100,88502,Acceptable PM2.5 AQI & Speciation Mass,41860,"San Francisco-Oakland-Hayward, CA",6,California,41,Marin,38.12297852,-122.9094397
02-12-2016,AQS,60410002,1,5.3,ug/m3 LC,22,Point Reyes NS Ranger Station,1,100,88502,Acceptable PM2.5 AQI & Speciation Mass,41860,"San Francisco-Oakland-Hayward, CA",6,California,41,Marin,38.12297852,-122.9094397
02/15/2016,AQS,60410002,1,6.4,ug/m3 LC,27,Point Reyes NS Ranger Station,1,100,88502,Acceptable PM2.5 AQI & Speciation Mass,41860,"San Francisco-Oakland-Hayward, CA",6,California,41,Marin,38.12297852,-122.9094397
02/18/2016,AQS,60410002,1,5.9,ug/m3 LC,25,Point Reyes NS Ranger Station,1,100,88502,Acceptable PM2.5 AQI & Speciation Mass,41860,"San Francisco-Oakland-Hayward, CA",6,California,41,Marin,38.12297852,-122.9094397
02/21/2016,AQS,60410002,1,3.8,ug/m3 LC,16,Point Reyes NS Ranger Station,1,100,88502,Acceptable PM2.5 AQI & Speciation Mass,41860,"San Francisco-Oakland-Hayward, CA",6,California,41,Marin,38.12297852,-122.9094397
02/27/2016,AQS,60410002,1,6.3,ug/m3 LC,26,Point Reyes NS Ranger Station,1,100,88502,Acceptable PM2.5 AQI & Speciation Mass,41860,"San Francisco-Oakland-Hayward, CA",6,California,41,Marin,38.12297852,-122.9094397
03-01-2016,AQS,60410002,1,5.3,ug/m3 LC,22,Point Reyes NS Ranger Station,1,100,88502,Acceptable PM2.5 AQI & Speciation Mass,41860,"San Francisco-Oakland-Hayward, CA",6,California,41,Marin,38.12297852,-122.9094397
03-04-2016,AQS,60410002,1,0.3,ug/m3 LC,1,Point Reyes NS Ranger Station,1,100,88502,Acceptable PM2.5 AQI & Speciation Mass,41860,"San Francisco-Oakland-Hayward, CA",6,California,41,Marin,38.12297852,-122.9094397
03-07-2016,AQS,60410002,1,5.5,ug/m3 LC,23,Point Reyes NS Ranger Station,1,100,88502,Acceptable PM2.5 AQI & Speciation Mass,41860,"San Francisco-Oakland-Hayward, CA",6,California,41,Marin,38.12297852,-122.9094397
03-10-2016,AQS,60410002,1,1.8,ug/m3 LC,8,Point Reyes NS Ranger Station,1,100,88502,Acceptable PM2.5 AQI & Speciation Mass,41860,"San Francisco-Oakland-Hayward, CA",6,California,41,Marin,38.12297852,-122.9094397
03/13/2016,AQS,60410002,1,7.8,ug/m3 LC,33,Point Reyes NS Ranger Station,1,100,88502,Acceptable PM2.5 AQI & Speciation Mass,41860,"San Francisco-Oakland-Hayward, CA",6,California,41,Marin,38.12297852,-122.9094397
03/19/2016,AQS,60410002,1,0.2,ug/m3 LC,1,Point Reyes NS Ranger Station,1,100,88502,Acceptable PM2.5 AQI & Speciation Mass,41860,"San Francisco-Oakland-Hayward, CA",6,California,41,Marin,38.12297852,-122.9094397
03/22/2016,AQS,60410002,1,4.5,ug/m3 LC,19,Point Reyes NS Ranger Station,1,100,88502,Acceptable PM2.5 AQI & Speciation Mass,41860,"San Francisco-Oakland-Hayward, CA",6,California,41,Marin,38.12297852,-122.9094397
03/25/2016,AQS,60410002,1,10.2,ug/m3 LC,43,Point Reyes NS Ranger Station,1,100,88502,Acceptable PM2.5 AQI & Speciation Mass,41860,"San Francisco-Oakland-Hayward, CA",6,California,41,Marin,38.12297852,-122.9094397
03/28/2016,AQS,60410002,1,5.8,ug/m3 LC,24,Point Reyes NS Ranger Station,1,100,88502,Acceptable PM2.5 AQI & Speciation Mass,41860,"San Francisco-Oakland-Hayward, CA",6,California,41,Marin,38.12297852,-122.9094397
03/31/2016,AQS,60410002,1,5.7,ug/m3 LC,24,Point Reyes NS Ranger Station,1,100,88502,Acceptable PM2.5 AQI & Speciation Mass,41860,"San Francisco-Oakland-Hayward, CA",6,California,41,Marin,38.12297852,-122.9094397
04-03-2016,AQS,60410002,1,3.2,ug/m3 LC,13,Point Reyes NS Ranger Station,1,100,88502,Acceptable PM2.5 AQI & Speciation Mass,41860,"San Francisco-Oakland-Hayward, CA",6,California,41,Marin,38.12297852,-122.9094397
04-06-2016,AQS,60410002,1,4,ug/m3 LC,17,Point Reyes NS Ranger Station,1,100,88502,Acceptable PM2.5 AQI & Speciation Mass,41860,"San Francisco-Oakland-Hayward, CA",6,California,41,Marin,38.12297852,-122.9094397
04-09-2016,AQS,60410002,1,1.7,ug/m3 LC,7,Point Reyes NS Ranger Station,1,100,88502,Acceptable PM2.5 AQI & Speciation Mass,41860,"San Francisco-Oakland-Hayward, CA",6,California,41,Marin,38.12297852,-122.9094397
04-12-2016,AQS,60410002,1,5.1,ug/m3 LC,21,Point Reyes NS Ranger Station,1,100,88502,Acceptable PM2.5 AQI & Speciation Mass,41860,"San Francisco-Oakland-Hayward, CA",6,California,41,Marin,38.12297852,-122.9094397
04/15/2016,AQS,60410002,1,8.3,ug/m3 LC,35,Point Reyes NS Ranger Station,1,100,88502,Acceptable PM2.5 AQI & Speciation Mass,41860,"San Francisco-Oakland-Hayward, CA",6,California,41,Marin,38.12297852,-122.9094397
04/18/2016,AQS,60410002,1,7.1,ug/m3 LC,30,Point Reyes NS Ranger Station,1,100,88502,Acceptable PM2.5 AQI & Speciation Mass,41860,"San Francisco-Oakland-Hayward, CA",6,California,41,Marin,38.12297852,-122.9094397
04/24/2016,AQS,60410002,1,5.8,ug/m3 LC,24,Point Reyes NS Ranger Station,1,100,88502,Acceptable PM2.5 AQI & Speciation Mass,41860,"San Francisco-Oakland-Hayward, CA",6,California,41,Marin,38.12297852,-122.9094397
04/30/2016,AQS,60410002,1,13.9,ug/m3 LC,55,Point Reyes NS Ranger Station,1,100,88502,Acceptable PM2.5 AQI & Speciation Mass,41860,"San Francisco-Oakland-Hayward, CA",6,California,41,Marin,38.12297852,-122.9094397
05-03-2016,AQS,60410002,1,6.3,ug/m3 LC,26,Point Reyes NS Ranger Station,1,100,88502,Acceptable PM2.5 AQI & Speciation Mass,41860,"San Francisco-Oakland-Hayward, CA",6,California,41,Marin,38.12297852,-122.9094397
05-06-2016,AQS,60410002,1,9.5,ug/m3 LC,40,Point Reyes NS Ranger Station,1,100,88502,Acceptable PM2.5 AQI & Speciation Mass,41860,"San Francisco-Oakland-Hayward, CA",6,California,41,Marin,38.12297852,-122.9094397
05-09-2016,AQS,60410002,1,11.6,ug/m3 LC,48,Point Reyes NS Ranger Station,1,100,88502,Acceptable PM2.5 AQI & Speciation Mass,41860,"San Francisco-Oakland-Hayward, CA",6,California,41,Marin,38.12297852,-122.9094397
05-12-2016,AQS,60410002,1,9,ug/m3 LC,38,Point Reyes NS Ranger Station,1,100,88502,Acceptable PM2.5 AQI & Speciation Mass,41860,"San Francisco-Oakland-Hayward, CA",6,California,41,Marin,38.12297852,-122.9094397
05/15/2016,AQS,60410002,1,6.2,ug/m3 LC,26,Point Reyes NS Ranger Station,1,100,88502,Acceptable PM2.5 AQI & Speciation Mass,41860,"San Francisco-Oakland-Hayward, CA",6,California,41,Marin,38.12297852,-122.9094397
05/21/2016,AQS,60410002,1,5,ug/m3 LC,21,Point Reyes NS Ranger Station,1,100,88502,Acceptable PM2.5 AQI & Speciation Mass,41860,"San Francisco-Oakland-Hayward, CA",6,California,41,Marin,38.12297852,-122.9094397
05/24/2016,AQS,60410002,1,2.8,ug/m3 LC,12,Point Reyes NS Ranger Station,1,100,88502,Acceptable PM2.5 AQI & Speciation Mass,41860,"San Francisco-Oakland-Hayward, CA",6,California,41,Marin,38.12297852,-122.9094397
05/27/2016,AQS,60410002,1,17.2,ug/m3 LC,62,Point Reyes NS Ranger Station,1,100,88502,Acceptable PM2.5 AQI & Speciation Mass,41860,"San Francisco-Oakland-Hayward, CA",6,California,41,Marin,38.12297852,-122.9094397
05/30/2016,AQS,60410002,1,12.4,ug/m3 LC,52,Point Reyes NS Ranger Station,1,100,88502,Acceptable PM2.5 AQI & Speciation Mass,41860,"San Francisco-Oakland-Hayward, CA",6,California,41,Marin,38.12297852,-122.9094397
06-08-2016,AQS,60410002,1,4.8,ug/m3 LC,20,Point Reyes NS Ranger Station,1,100,88502,Acceptable PM2.5 AQI & Speciation Mass,41860,"San Francisco-Oakland-Hayward, CA",6,California,41,Marin,38.12297852,-122.9094397
06-11-2016,AQS,60410002,1,10.3,ug/m3 LC,43,Point Reyes NS Ranger Station,1,100,88502,Acceptable PM2.5 AQI & Speciation Mass,41860,"San Francisco-Oakland-Hayward, CA",6,California,41,Marin,38.12297852,-122.9094397
06/14/2016,AQS,60410002,1,7,ug/m3 LC,29,Point Reyes NS Ranger Station,1,100,88502,Acceptable PM2.5 AQI & Speciation Mass,41860,"San Francisco-Oakland-Hayward, CA",6,California,41,Marin,38.12297852,-122.9094397
06/17/2016,AQS,60410002,1,2.3,ug/m3 LC,10,Point Reyes NS Ranger Station,1,100,88502,Acceptable PM2.5 AQI & Speciation Mass,41860,"San Francisco-Oakland-Hayward, CA",6,California,41,Marin,38.12297852,-122.9094397
06/20/2016,AQS,60410002,1,9.8,ug/m3 LC,41,Point Reyes NS Ranger Station,1,100,88502,Acceptable PM2.5 AQI & Speciation Mass,41860,"San Francisco-Oakland-Hayward, CA",6,California,41,Marin,38.12297852,-122.9094397
06/26/2016,AQS,60410002,1,7,ug/m3 LC,29,Point Reyes NS Ranger Station,1,100,88502,Acceptable PM2.5 AQI & Speciation Mass,41860,"San Francisco-Oakland-Hayward, CA",6,California,41,Marin,38.12297852,-122.9094397
07-02-2016,AQS,60410002,1,4,ug/m3 LC,17,Point Reyes NS Ranger Station,1,100,88502,Acceptable PM2.5 AQI & Speciation Mass,41860,"San Francisco-Oakland-Hayward, CA",6,California,41,Marin,38.12297852,-122.9094397
07-05-2016,AQS,60410002,1,6.1,ug/m3 LC,25,Point Reyes NS Ranger Station,1,100,88502,Acceptable PM2.5 AQI & Speciation Mass,41860,"San Francisco-Oakland-Hayward, CA",6,California,41,Marin,38.12297852,-122.9094397
07-08-2016,AQS,60410002,1,0.5,ug/m3 LC,2,Point Reyes NS Ranger Station,1,100,88502,Acceptable PM2.5 AQI & Speciation Mass,41860,"San Francisco-Oakland-Hayward, CA",6,California,41,Marin,38.12297852,-122.9094397
07-11-2016,AQS,60410002,1,10.4,ug/m3 LC,43,Point Reyes NS Ranger Station,1,100,88502,Acceptable PM2.5 AQI & Speciation Mass,41860,"San Francisco-Oakland-Hayward, CA",6,California,41,Marin,38.12297852,-122.9094397
07/14/2016,AQS,60410002,1,7.4,ug/m3 LC,31,Point Reyes NS Ranger Station,1,100,88502,Acceptable PM2.5 AQI & Speciation Mass,41860,"San Francisco-Oakland-Hayward, CA",6,California,41,Marin,38.12297852,-122.9094397
07/17/2016,AQS,60410002,1,7,ug/m3 LC,29,Point Reyes NS Ranger Station,1,100,88502,Acceptable PM2.5 AQI & Speciation Mass,41860,"San Francisco-Oakland-Hayward, CA",6,California,41,Marin,38.12297852,-122.9094397
07/20/2016,AQS,60410002,1,3,ug/m3 LC,13,Point Reyes NS Ranger Station,1,100,88502,Acceptable PM2.5 AQI & Speciation Mass,41860,"San Francisco-Oakland-Hayward, CA",6,California,41,Marin,38.12297852,-122.9094397
07/23/2016,AQS,60410002,1,11.8,ug/m3 LC,49,Point Reyes NS Ranger Station,1,100,88502,Acceptable PM2.5 AQI & Speciation Mass,41860,"San Francisco-Oakland-Hayward, CA",6,California,41,Marin,38.12297852,-122.9094397
07/26/2016,AQS,60410002,1,1.8,ug/m3 LC,8,Point Reyes NS Ranger Station,1,100,88502,Acceptable PM2.5 AQI & Speciation Mass,41860,"San Francisco-Oakland-Hayward, CA",6,California,41,Marin,38.12297852,-122.9094397
07/29/2016,AQS,60410002,1,1.1,ug/m3 LC,5,Point Reyes NS Ranger Station,1,100,88502,Acceptable PM2.5 AQI & Speciation Mass,41860,"San Francisco-Oakland-Hayward, CA",6,California,41,Marin,38.12297852,-122.9094397
08-01-2016,AQS,60410002,1,2.2,ug/m3 LC,9,Point Reyes NS Ranger Station,1,100,88502,Acceptable PM2.5 AQI & Speciation Mass,41860,"San Francisco-Oakland-Hayward, CA",6,California,41,Marin,38.12297852,-122.9094397
08-04-2016,AQS,60410002,1,3.1,ug/m3 LC,13,Point Reyes NS Ranger Station,1,100,88502,Acceptable PM2.5 AQI & Speciation Mass,41860,"San Francisco-Oakland-Hayward, CA",6,California,41,Marin,38.12297852,-122.9094397
08-07-2016,AQS,60410002,1,9.2,ug/m3 LC,38,Point Reyes NS Ranger Station,1,100,88502,Acceptable PM2.5 AQI & Speciation Mass,41860,"San Francisco-Oakland-Hayward, CA",6,California,41,Marin,38.12297852,-122.9094397
08/13/2016,AQS,60410002,1,0.7,ug/m3 LC,3,Point Reyes NS Ranger Station,1,100,88502,Acceptable PM2.5 AQI & Speciation Mass,41860,"San Francisco-Oakland-Hayward, CA",6,California,41,Marin,38.12297852,-122.9094397
08/16/2016,AQS,60410002,1,1.3,ug/m3 LC,5,Point Reyes NS Ranger Station,1,100,88502,Acceptable PM2.5 AQI & Speciation Mass,41860,"San Francisco-Oakland-Hayward, CA",6,California,41,Marin,38.12297852,-122.9094397
08/19/2016,AQS,60410002,1,6.1,ug/m3 LC,25,Point Reyes NS Ranger Station,1,100,88502,Acceptable PM2.5 AQI & Speciation Mass,41860,"San Francisco-Oakland-Hayward, CA",6,California,41,Marin,38.12297852,-122.9094397
08/22/2016,AQS,60410002,1,0.8,ug/m3 LC,3,Point Reyes NS Ranger Station,1,100,88502,Acceptable PM2.5 AQI & Speciation Mass,41860,"San Francisco-Oakland-Hayward, CA",6,California,41,Marin,38.12297852,-122.9094397
08/28/2016,AQS,60410002,1,4.7,ug/m3 LC,20,Point Reyes NS Ranger Station,1,100,88502,Acceptable PM2.5 AQI & Speciation Mass,41860,"San Francisco-Oakland-Hayward, CA",6,California,41,Marin,38.12297852,-122.9094397
09-09-2016,AQS,60410002,1,3.3,ug/m3 LC,14,Point Reyes NS Ranger Station,1,100,88502,Acceptable PM2.5 AQI & Speciation Mass,41860,"San Francisco-Oakland-Hayward, CA",6,California,41,Marin,38.12297852,-122.9094397
09-12-2016,AQS,60410002,1,7.8,ug/m3 LC,33,Point Reyes NS Ranger Station,1,100,88502,Acceptable PM2.5 AQI & Speciation Mass,41860,"San Francisco-Oakland-Hayward, CA",6,California,41,Marin,38.12297852,-122.9094397
09/15/2016,AQS,60410002,1,5.5,ug/m3 LC,23,Point Reyes NS Ranger Station,1,100,88502,Acceptable PM2.5 AQI & Speciation Mass,41860,"San Francisco-Oakland-Hayward, CA",6,California,41,Marin,38.12297852,-122.9094397
09/18/2016,AQS,60410002,1,5.8,ug/m3 LC,24,Point Reyes NS Ranger Station,1,100,88502,Acceptable PM2.5 AQI & Speciation Mass,41860,"San Francisco-Oakland-Hayward, CA",6,California,41,Marin,38.12297852,-122.9094397
10/21/2016,AQS,60410002,1,4.4,ug/m3 LC,18,Point Reyes NS Ranger Station,1,100,88502,Acceptable PM2.5 AQI & Speciation Mass,41860,"San Francisco-Oakland-Hayward, CA",6,California,41,Marin,38.12297852,-122.9094397
10/24/2016,AQS,60410002,1,6.1,ug/m3 LC,25,Point Reyes NS Ranger Station,1,100,88502,Acceptable PM2.5 AQI & Speciation Mass,41860,"San Francisco-Oakland-Hayward, CA",6,California,41,Marin,38.12297852,-122.9094397
11-05-2016,AQS,60410002,1,3,ug/m3 LC,13,Point Reyes NS Ranger Station,1,100,88502,Acceptable PM2.5 AQI & Speciation Mass,41860,"San Francisco-Oakland-Hayward, CA",6,California,41,Marin,38.12297852,-122.9094397
11-08-2016,AQS,60410002,1,6.1,ug/m3 LC,25,Point Reyes NS Ranger Station,1,100,88502,Acceptable PM2.5 AQI & Speciation Mass,41860,"San Francisco-Oakland-Hayward, CA",6,California,41,Marin,38.12297852,-122.9094397
11-11-2016,AQS,60410002,1,5.4,ug/m3 LC,23,Point Reyes NS Ranger Station,1,100,88502,Acceptable PM2.5 AQI & Speciation Mass,41860,"San Francisco-Oakland-Hayward, CA",6,California,41,Marin,38.12297852,-122.9094397
11/14/2016,AQS,60410002,1,2.2,ug/m3 LC,9,Point Reyes NS Ranger Station,1,100,88502,Acceptable PM2.5 AQI & Speciation Mass,41860,"San Francisco-Oakland-Hayward, CA",6,California,41,Marin,38.12297852,-122.9094397
11/17/2016,AQS,60410002,1,3.5,ug/m3 LC,15,Point Reyes NS Ranger Station,1,100,88502,Acceptable PM2.5 AQI & Speciation Mass,41860,"San Francisco-Oakland-Hayward, CA",6,California,41,Marin,38.12297852,-122.9094397
11/20/2016,AQS,60410002,1,4.4,ug/m3 LC,18,Point Reyes NS Ranger Station,1,100,88502,Acceptable PM2.5 AQI & Speciation Mass,41860,"San Francisco-Oakland-Hayward, CA",6,California,41,Marin,38.12297852,-122.9094397
11/23/2016,AQS,60410002,1,4.9,ug/m3 LC,20,Point Reyes NS Ranger Station,1,100,88502,Acceptable PM2.5 AQI & Speciation Mass,41860,"San Francisco-Oakland-Hayward, CA",6,California,41,Marin,38.12297852,-122.9094397
11/26/2016,AQS,60410002,1,3,ug/m3 LC,13,Point Reyes NS Ranger Station,1,100,88502,Acceptable PM2.5 AQI & Speciation Mass,41860,"San Francisco-Oakland-Hayward, CA",6,California,41,Marin,38.12297852,-122.9094397
11/29/2016,AQS,60410002,1,7.5,ug/m3 LC,31,Point Reyes NS Ranger Station,1,100,88502,Acceptable PM2.5 AQI & Speciation Mass,41860,"San Francisco-Oakland-Hayward, CA",6,California,41,Marin,38.12297852,-122.9094397
12-02-2016,AQS,60410002,1,5.7,ug/m3 LC,24,Point Reyes NS Ranger Station,1,100,88502,Acceptable PM2.5 AQI & Speciation Mass,41860,"San Francisco-Oakland-Hayward, CA",6,California,41,Marin,38.12297852,-122.9094397
12-05-2016,AQS,60410002,1,6.4,ug/m3 LC,27,Point Reyes NS Ranger Station,1,100,88502,Acceptable PM2.5 AQI & Speciation Mass,41860,"San Francisco-Oakland-Hayward, CA",6,California,41,Marin,38.12297852,-122.9094397
12-08-2016,AQS,60410002,1,0.6,ug/m3 LC,3,Point Reyes NS Ranger Station,1,100,88502,Acceptable PM2.5 AQI & Speciation Mass,41860,"San Francisco-Oakland-Hayward, CA",6,California,41,Marin,38.12297852,-122.9094397
12-11-2016,AQS,60410002,1,4.9,ug/m3 LC,20,Point Reyes NS Ranger Station,1,100,88502,Acceptable PM2.5 AQI & Speciation Mass,41860,"San Francisco-Oakland-Hayward, CA",6,California,41,Marin,38.12297852,-122.9094397
12/14/2016,AQS,60410002,1,0.5,ug/m3 LC,2,Point Reyes NS Ranger Station,1,100,88502,Acceptable PM2.5 AQI & Speciation Mass,41860,"San Francisco-Oakland-Hayward, CA",6,California,41,Marin,38.12297852,-122.9094397
12/17/2016,AQS,60410002,1,1.4,ug/m3 LC,6,Point Reyes NS Ranger Station,1,100,88502,Acceptable PM2.5 AQI & Speciation Mass,41860,"San Francisco-Oakland-Hayward, CA",6,California,41,Marin,38.12297852,-122.9094397
12/20/2016,AQS,60410002,1,3.9,ug/m3 LC,16,Point Reyes NS Ranger Station,1,100,88502,Acceptable PM2.5 AQI & Speciation Mass,41860,"San Francisco-Oakland-Hayward, CA",6,California,41,Marin,38.12297852,-122.9094397
12/23/2016,AQS,60410002,1,2.3,ug/m3 LC,10,Point Reyes NS Ranger Station,1,100,88502,Acceptable PM2.5 AQI & Speciation Mass,41860,"San Francisco-Oakland-Hayward, CA",6,California,41,Marin,38.12297852,-122.9094397
12/26/2016,AQS,60410002,1,1.6,ug/m3 LC,7,Point Reyes NS Ranger Station,1,100,88502,Acceptable PM2.5 AQI & Speciation Mass,41860,"San Francisco-Oakland-Hayward, CA",6,California,41,Marin,38.12297852,-122.9094397
12/29/2016,AQS,60410002,1,4.5,ug/m3 LC,19,Point Reyes NS Ranger Station,1,100,88502,Acceptable PM2.5 AQI & Speciation Mass,41860,"San Francisco-Oakland-Hayward, CA",6,California,41,Marin,38.12297852,-122.9094397
